bed.block.order,final.order,AB.CD.order,column.order,block,bed,bed-row,bed-col,pop,mf,rep,pheno,diam.mm,height.cm,long.leaf.cm,num.flw,num.fruit,long.fruit.cm,total.branch,repro.branch,herbiv.y.n,death.date,survey.notes,planting.note
1,1,1,1,A,A,1,A,TM2,6,11,P,,,,,,,,,,,,
2,2,1,1,A,A,1,B,LVTR1,7,1,,,,,,,,,,  ,7/26/23,,
5,3,1,1,A,A,2,A,SQ2,6,14,,,,,,,,,,,7/26/23,,
6,4,1,1,A,A,2,B,YO8,8,3,,,,,,,,,,,7/26/23,,
9,5,1,1,A,A,3,A,CC,2,3,V,,,,,,,,,,,,
10,6,1,1,A,A,3,B,YO11,5,14,,,,,,,,,,,7/26/23,,
13,7,1,1,A,A,4,A,BH,6,3,,,,,,,,,,,7/26/23,,
14,8,1,1,A,A,4,B,DPR,4,8,,,,,,,,,,,7/26/23,,
17,9,1,1,A,A,5,A,CP2,5,1,V,,,,,,,,,,,,
18,10,1,1,A,A,5,B,LVTR1,3,12,,,,,,,,,,,7/26/23,,
21,11,1,1,A,A,6,A,CC,5,3,V,,,,,,,,,,,,
22,12,1,1,A,A,6,B,CC,3,3,V,,,,,,,,,,,,
25,13,1,1,A,A,7,A,WL1,2,8,,,,,,,,,,,8/9/23,,
26,14,1,1,A,A,7,B,IH,5,3,V,,,,,,,,,,,,
29,15,1,1,A,A,8,A,DPR,6,15,,,,,,,,,,,7/26/23,,
30,16,1,1,A,A,8,B,CP3,5,9,V,,,,,,,,,,,,
33,17,1,1,A,A,9,A,SC,6,3,,,,,,,,,,,8/9/23,,
34,18,1,1,A,A,9,B,SQ2,8,9,V,,,,,,,,,,,,
37,19,1,1,A,A,10,A,FR,4,2,,,,,,,,,,,7/26/23,,
38,20,1,1,A,A,10,B,CP2,3,1,,,,,,,,,,,7/26/23,,
41,21,1,1,A,A,11,A,YO8,2,12,,,,,,,,,,,7/26/23,,
42,22,1,1,A,A,11,B,LV3,7,9,,,,,,,,,,,7/26/23,,
45,23,1,1,A,A,12,A,YO7,5,11,,,,,,,,,,,7/26/23,,
46,24,1,1,A,A,12,B,TM2,7,20,,,,,,,,,,,8/2/23,,
49,25,1,1,A,A,13,A,YO7,7,12,,,,,,,,,,,8/9/23,,
50,26,1,1,A,A,13,B,YO8,1,12,,,,,,,,,,,7/26/23,,
53,27,1,1,A,A,14,A,WV,4,8,,,,,,,,,,,7/26/23,,
54,28,1,1,A,A,14,B,CP3,6,9,,,,,,,,,,,8/2/23,,
57,29,1,1,A,A,15,A,DPR,1,8,,,,,,,,,,,8/9/23,,
58,30,1,1,A,A,15,B,YO11,7,9,V,,,,,,,,,,,,
61,31,1,1,A,A,16,A,CP2,4,1,V,,,,,,,,,,,,
62,32,1,1,A,A,16,B,BH,3,3,V,,,,,,,,,,,,
65,33,1,1,A,A,17,A,BH,7,3,V,,,,,,,,,,,,
66,34,1,1,A,A,17,B,YO11,5,9,,,,,,,,,,,10/13/23,,
69,35,1,1,A,A,18,A,BH,4,3,V,,,,,,,,,,,,
70,36,1,1,A,A,18,B,LVTR1,8,17,,,,,,,,,,,10/13/23,,
73,37,1,1,A,A,19,A,SQ3,4,7,V,,,,,,,,,,,,
74,38,1,1,A,A,19,B,YO11,8,9,,,,,,,,,,,7/26/23,,
77,39,1,1,A,A,20,A,CC,9,3,V,,,,,,,,,,,,
78,40,1,1,A,A,20,B,WL2,8,9,V,,,,,,,,,,,,
81,41,1,1,A,A,21,A,CP2,6,5,V,,,,,,,,,,,,
82,42,1,1,A,A,21,B,LVTR1,8,4,V,,,,,,,,,,,,
85,43,1,1,A,A,22,A,LVTR1,2,1,,,,,,,,,,,9/20/23,,
86,44,1,1,A,A,22,B,IH,6,3,V,,,,,,,,,,,,
89,45,1,1,A,A,23,A,FR,7,3,,,,,,,,,,,10/13/23,,
90,46,1,1,A,A,23,B,WL1,4,11,V,,,,,,,,,,,,
93,47,1,1,A,A,24,A,WL2,7,9,V,,,,,,,,,,,,
94,48,1,1,A,A,24,B,LV1,6,2,,,,,,,,,,,8/2/23,,
97,49,1,1,A,A,25,A,YO4,1,13,V,,,,,,,,,,,,
98,50,1,1,A,A,25,B,SQ2,1,5,,,,,,,,,,,8/2/23,,
101,51,1,1,A,A,26,A,YO8,4,6,,,,,,,,,,,7/26/23,,
102,52,1,1,A,A,26,B,CP3,2,9,,,,,,,,,,,10/20/23,,
105,53,1,1,A,A,27,A,BH,5,3,,,,,,,,,,,7/26/23,,
106,54,1,1,A,A,27,B,DPR,4,14,,,,,,,,,,,7/26/23,,
109,55,1,1,A,A,28,A,YO7,5,15,,,,,,,,,,,8/2/23,,
110,56,1,1,A,A,28,B,YO11,4,2,,,,,,,,,,,7/26/23,,
113,57,1,1,A,A,29,A,YO8,3,12,,,,,,,,,,,7/26/23,,
114,58,1,1,A,A,29,B,WL2,3,9,,,,,,,,,,,8/9/23,,
117,59,1,1,A,A,30,A,TM2,1,2,,,,,,,,,,,7/26/23,,
118,60,1,1,A,A,30,B,DPR,3,8,,,,,,,,,,,8/2/23,,
121,61,1,1,A,A,31,A,WL2,3,10,V,,,,,,,,,,,,new location
122,62,1,1,A,A,31,B,YO7,1,10,,,,,,,,,,,8/2/23,,new location
125,63,1,1,B,A,32,A,LVTR1,2,2,,,,,,,,,,,8/2/23,,
126,64,1,1,B,A,32,B,IH,7,4,V,,,,,,,,,,,,
129,65,1,1,B,A,33,A,FR,1,12,,,,,,,,,,,8/30/23,,
130,66,1,1,B,A,33,B,WL1,7,17,,,,,,,,,,,8/2/23,,
133,67,1,1,B,A,34,A,YO11,1,10,,,,,,,,,,,8/2/23,,
134,68,1,1,B,A,34,B,CP2,5,2,,,,,,,,,,,8/9/23,,
137,69,1,1,B,A,35,A,SC,8,4,V,,,,,,,,,,,,
138,70,1,1,B,A,35,B,BH,4,4,,,,,,,,,,,8/2/23,,
141,71,1,1,B,A,36,A,BH,3,4,V,,,,,,,,,,,,
142,72,1,1,B,A,36,B,LVTR1,7,2,,,,,,,,,,,8/2/23,,
145,73,1,1,B,A,37,A,WR,2,2,,,,,,,,,,,7/26/23,,
146,74,1,1,B,A,37,B,WL2,8,10,V,,,,,,,,,,,,
149,75,1,1,B,A,38,A,FR,4,3,,,,,,,,,,,9/20/23,,
150,76,1,1,B,A,38,B,CP3,3,10,,,,,,,,,,,8/2/23,,
153,77,1,1,B,A,39,A,LVTR1,3,8,,,,,,,,,,,8/2/23,,
154,78,1,1,B,A,39,B,WL2,7,10,V,,,,,,,,,,,,
157,79,1,1,B,A,40,A,DPR,4,9,V,,,,,,,,,,,,
158,80,1,1,B,A,40,B,BH,5,4,V,,,,,,,,,,,,
161,81,1,1,B,A,41,A,NA,NA,NA,,,,,,,,,,,,,
162,82,1,1,B,A,41,B,NA,NA,NA,,,,,,,,,,,,,no hole/not planted
165,83,1,1,B,A,42,A,IH,3,4,V,,,,,,,,,,,,no hole/not planted
166,84,1,1,B,A,42,B,CP2,3,2,V,,,,,,,,,,,,
169,85,1,1,B,A,43,A,TM2,6,1,P,,,,,,,,,,,,
170,86,1,1,B,A,43,B,WL1,3,6,V,,,,,,,,,,,,
173,87,1,1,B,A,44,A,DPR,1,9,,,,,,,,,,,7/26/23,,
174,88,1,1,B,A,44,B,LV1,2,3,,,,,,,,,,,8/2/23,,
177,89,1,1,B,A,45,A,CP3,5,10,,,,,,,,,,,8/16/23,,
178,90,1,1,B,A,45,B,IH,2,4,V,,,,,,,,,,,,plant present 7/26
181,91,1,1,B,A,46,A,CP3,4,10,V,,,,,,,,,,,,
185,93,1,1,B,A,46,B,TM2,3,11,F,,,,,,,,,,,,
182,92,1,1,B,A,47,A,SQ3,5,4,,,,,,,,,,,10/13/23,,
189,95,1,1,B,A,47,B,YO11,6,14,,,,,,,,,,,7/26/23,,
186,94,1,1,B,A,48,A,CC,2,4,,,,,,,,,,,8/9/23,,
193,97,1,1,B,A,48,B,YO8,2,13,,,,,,,,,,,8/9/23,,
190,96,1,1,B,A,49,A,YO7,7,23,V,,,,,,,,,,,,
197,99,1,1,B,A,49,B,DPR,8,19,,,,,,,,,,,9/13/23,,
194,98,1,1,B,A,50,A,SQ3,3,2,V,,,,,,,,,,,,
201,101,1,1,B,A,50,B,LV1,6,3,,,,,,,,,,,7/26/23,,
198,100,1,1,B,A,51,A,LV1,5,3,,,,,,,,,,,9/6/23,,
205,103,1,1,B,A,51,B,CP2,7,9,,,,,,,,,,,10/13/23,,
202,102,1,1,B,A,52,A,LV3,6,9,,,,,,,,,,,9/27/23,,
209,105,1,1,B,A,52,B,WL1,7,6,V,,,,,,,,,,,,
206,104,1,1,B,A,53,A,CC,4,4,V,,,,,,,,,,,,
213,107,1,1,B,A,53,B,BH,7,4,V,,,,,,,,,,,,
210,106,1,1,B,A,54,A,YO8,6,4,,,,,,,,,,,8/9/23,,
217,109,1,1,B,A,54,B,FR,7,4,,,,,,,,,,,8/9/23,,
214,108,1,1,B,A,55,A,SQ2,6,24,,,,,,,,,,,7/26/23,,
221,111,1,1,B,A,55,B,LV1,8,3,,,,,,,,,,,8/2/23,,
218,110,1,1,B,A,56,A,SQ2,8,10,V,,,,,,,,,,,,
225,113,1,1,B,A,56,B,TM2,2,12,P,,,,,,,,,,,,
222,112,1,1,B,A,57,A,YO11,7,10,,,,,,,,,,,7/26/23,,
229,115,1,1,B,A,57,B,YO11,6,10,,,,,,,,,,,7/26/23,,
226,114,1,1,B,A,58,A,YO8,1,13,X,,,,,,,,,,,,
233,117,1,1,B,A,58,B,LVTR1,6,2,,,,,,,,,,,7/26/23,,new location
230,116,1,1,B,A,59,A,WL2,5,10,V,,,,,,,,,,,,new location
237,119,1,1,B,A,59,B,WL1*,buffer,buffer,,,,,,,,,,,,,
234,118,1,1,B,A,60,A,WL1*,buffer,buffer,,,,,,,,,,,,,
1826,120,2,2,A,A,1,C,SC,5,15,,,,,,,,,,,7/26/23,,
3,121,2,2,A,A,1,D,DPR,6,2,,,,,,,,,,,7/26/23,,
4,122,2,2,A,A,2,C,CP2,2,1,,,,,,,,,,,7/26/23,,
7,123,2,2,A,A,2,D,WL2,1,9,,,,,,,,,,,7/26/23,,
8,124,2,2,A,A,3,C,CP3,4,9,,,,,,,,,,,8/9/23,,
11,125,2,2,A,A,3,D,LV1,5,2,,,,,,,,,,,7/26/23,,
12,126,2,2,A,A,4,C,IH,4,3,,,,,,,,,,,7/26/23,,
15,127,2,2,A,A,4,D,SQ2,6,9,,,,,,,,,,,7/26/23,,
16,128,2,2,A,A,5,C,LV3,5,12,,,,,,,,,,,7/26/23,,
19,129,2,2,A,A,5,D,TM2,2,2,,,,,,,,,,,7/26/23,,
20,130,2,2,A,A,6,C,YO8,6,3,,,,,,,,,,,7/26/23,,
23,131,2,2,A,A,6,D,WL2,6,9,,,,,,,,,,,7/26/23,,
24,132,2,2,A,A,7,C,WL2,5,9,,,,,,,,,,,7/26/23,,
27,133,2,2,A,A,7,D,BH,1,3,,,,,,,,,,,7/26/23,,
28,134,2,2,A,A,8,C,LV1,4,2,,,,,,,,,,,7/26/23,,
31,135,2,2,A,A,8,D,TM2,7,8,,,,,,,,,,,7/26/23,,
32,136,2,2,A,A,9,C,CC,4,3,,,,,,,,,,,8/2/23,,
35,137,2,2,A,A,9,D,SQ3,6,6,,,,,,,,,,,7/26/23,,
36,138,2,2,A,A,10,C,LVTR1,5,4,,,,,,,,,,,7/26/23,,
39,139,2,2,A,A,10,D,CP3,1,8,,,,,,,,,,,7/26/23,,
40,140,2,2,A,A,11,C,IH,2,3,,,,,,,,,,,7/26/23,,
43,141,2,2,A,A,11,D,WR,2,7,,,,,,,,,,,7/26/23,,
44,142,2,2,A,A,12,C,LV1,3,2,,,,,,,,,,,8/23/23,,
47,143,2,2,A,A,12,D,YO7,2,2,,,,,,,,,,,7/26/23,,
48,144,2,2,A,A,13,C,YO11,6,9,,,,,,,,,,,8/2/23,,
51,145,2,2,A,A,13,D,SQ1,6,10,,,,,,,,,,,7/26/23,,
52,146,2,2,A,A,14,C,IH,7,3,,,,,,,,,,,8/23/23,,
55,147,2,2,A,A,14,D,CC,8,3,V,,,,,,,,,,,,
56,148,2,2,A,A,15,C,CC,1,3,V,,,,,,,,,,,,
59,149,2,2,A,A,15,D,WL2,2,9,,,,,,,,,,,7/26/23,,
60,150,2,2,A,A,16,C,YO4,2,4,,,,,,,,,,,8/30/23,,
63,151,2,2,A,A,16,D,SC,2,3,,,,,,,,,,,7/26/23,,
64,152,2,2,A,A,17,C,LV1,2,2,,,,,,,,,,,7/26/23,,
67,153,2,2,A,A,17,D,BH,2,3,V,,,,,,,,,,,,
68,154,2,2,A,A,18,C,CP2,1,1,,,,,,,,,,,8/2/23,,
71,155,2,2,A,A,18,D,YO7,4,2,,,,,,,,,,,7/11/23,no plant,dead not planted
72,156,2,2,A,A,19,C,CP3,3,9,V,,,,,,,,,,,,
75,157,2,2,A,A,19,D,SQ3,2,13,,,,,,,,,,,8/23/23,,
76,158,2,2,A,A,20,C,YO11,1,9,V,,,,,,,,,,,,
79,159,2,2,A,A,20,D,LV1,8,2,,,,,,,,,,,7/26/23,,
80,160,2,2,A,A,21,C,SQ1,2,5,,,,,,,,,,,8/2/23,,
83,161,2,2,A,A,21,D,IH,3,3,V,,,,,,,,,,,,
84,162,2,2,A,A,22,C,LVTR1,6,1,,,,,,,,,,,7/26/23,,
87,163,2,2,A,A,22,D,SC,8,3,V,,,,,,,,,,,,
88,164,2,2,A,A,23,C,LV1,1,2,,,,,,,,,,,8/2/23,,
91,165,2,2,A,A,23,D,TM2,3,3,P,,,,,,,,,,,,
92,166,2,2,A,A,24,C,SC,5,3,,,,,,,,,,,8/9/23,,
95,167,2,2,A,A,24,D,DPR,8,12,,,,,,,,,,,8/23/23,,
96,168,2,2,A,A,25,C,SC,2,25,,,,,,,,,,,8/2/23,,
99,169,2,2,A,A,25,D,CP3,7,10,,,,,,,,,,,7/26/23,,
100,170,2,2,A,A,26,C,WL1,7,5,,,,,,,,,,,8/9/23,,
103,171,2,2,A,A,26,D,YO7,6,12,,,,,,,,,,,8/9/23,,
104,172,2,2,A,A,27,C,YO7,7,18,,,,,,,,,,,7/26/23,,
107,173,2,2,A,A,27,D,YO4,5,1,V,,,,,,,,,,,,
108,174,2,2,A,A,28,C,SC,4,3,,,,,,,,,,,7/26/23,,
111,175,2,2,A,A,28,D,TM2,5,4,,,,,,,,,,,7/26/23,,
112,176,2,2,A,A,29,C,CP2,7,8,,,,,,,,,,,7/26/23,,
115,177,2,2,A,A,29,D,YO8,5,3,,,,,,,,,,,7/26/23,,
116,178,2,2,A,A,30,C,FR,2,2,,,,,,,,,,,7/26/23,,
119,179,2,2,A,A,30,D,NA,NA,NA,NA,,,,,,,,,,,,no hole/not planted
120,180,2,2,A,A,31,C,YO7,6,17,,,,,,,,,,,7/26/23,,new location
123,181,2,2,A,A,31,D,IH,1,3,,,,,,,,,,,7/26/23,,new location
124,182,2,2,B,A,32,C,SC,5,4,,,,,,,,,,,8/2/23,,
127,183,2,2,B,A,32,D,YO8,5,4,,,,,,,,,,,7/26/23,,
128,184,2,2,B,A,33,C,SQ1,14,10,,,,,,,,,,,7/26/23,,
131,185,2,2,B,A,33,D,CP3,2,4,V,,,,,,,,,,,,
132,186,2,2,B,A,34,C,DPR,1,14,,,,,,,,,,,8/23/23,,
135,187,2,2,B,A,34,D,SQ2,6,10,,,,,,,,,,,7/26/23,,
136,188,2,2,B,A,35,C,CP2,4,2,,,,,,,,,,,8/2/23,,
139,189,2,2,B,A,35,D,CP3,7,13,,,,,,,,,,,7/26/23,,
140,190,2,2,B,A,36,C,SC,2,4,V,,,,,,,,,,,,
143,191,2,2,B,A,36,D,LV1,3,3,,,,,,,,,,,7/26/23,,
144,192,2,2,B,A,37,C,WL1,9,3,,,,,,,,,,,8/2/23,,
147,193,2,2,B,A,37,D,BH,1,4,V,,,,,,,,,,,,
148,194,2,2,B,A,38,C,CP3,6,10,,,,,,,,,,,8/9/23,,
151,195,2,2,B,A,38,D,LVTR1,5,6,,,,,,,,,,,7/26/23,,
152,196,2,2,B,A,39,C,WL2,1,10,,,,,,,,,,,8/2/23,,
155,197,2,2,B,A,39,D,LV1,4,3,,,,,,,,,,,7/26/23,,
156,198,2,2,B,A,40,C,YO7,6,13,,,,,,,,,,,8/2/23,,
159,199,2,2,B,A,40,D,WL2,2,10,V,,,,,,,,,,,,
160,200,2,2,B,A,41,C,TM2,7,9,,,,,,,,,,,8/2/23,,
163,201,2,2,B,A,41,D,LV3,5,13,,,,,,,,,,,7/26/23,,hole/not planted
164,202,2,2,B,A,42,C,NA,NA,NA,,,,,,,,,,,,,no hole/not planted
167,203,2,2,B,A,42,D,NA,NA,NA,,,,,,,,,,,,,no
168,204,2,2,B,A,43,C,CP2,2,2,,,,,,,,,,,7/26/23,,
171,205,2,2,B,A,43,D,FR,5,10,,,,,,,,,,,10/20/23,,
172,206,2,2,B,A,44,C,TM2,6,3,P,,,,,,,,,,,,
175,207,2,2,B,A,44,D,BH,6,4,V,,,,,,,,,,,,
176,208,2,2,B,A,45,C,YO4,2,5,,,,,,,,,,,7/26/23,,
179,209,2,2,B,A,45,D,SC,4,4,V,,,,,,,,,,,,no hole/not planted
180,210,2,2,B,A,46,C,CP3,1,9,,,,,,,,,,,8/2/23,,
184,212,2,2,B,A,46,D,SQ1,5,10,V,,,,,,,,,,,,
183,211,2,2,B,A,47,C,LVTR1,8,24,,,,,,,,,,,9/13/23,,
188,214,2,2,B,A,47,D,CC,1,4,,,,,,,,,,,8/2/23,,
187,213,2,2,B,A,48,C,CP2,3,14,,,,,,,,,,,10/13/23,,
192,216,2,2,B,A,48,D,CC,8,4,V,,,,,,,,,,,,
191,215,2,2,B,A,49,C,CC,9,4,V,,,,,,,,,,,,
196,218,2,2,B,A,49,D,CP2,1,2,,,,,,,,,,,9/20/23,,
195,217,2,2,B,A,50,C,SQ2,4,13,,,,,,,,,,,8/2/23,,
200,220,2,2,B,A,50,D,IH,6,4,V,,,,,,,,,,,,
199,219,2,2,B,A,51,C,SQ2,1,8,,,,,,,,,,,8/2/23,,
204,222,2,2,B,A,51,D,SC,6,4,,,,,,,,,,,7/26/23,,
203,221,2,2,B,A,52,C,YO11,8,10,,,,,,,,,,,9/27/23,,
208,224,2,2,B,A,52,D,YO8,4,5,,,,,,,,,,,9/20/23,,
207,223,2,2,B,A,53,C,YO4,6,11,,,,,,,,,,,10/20/23,,
212,226,2,2,B,A,53,D,WR,2,23,,,,,,,,,,,7/26/23,,
211,225,2,2,B,A,54,C,LV1,1,3,,,,,,,,,,,8/9/23,,
216,228,2,2,B,A,54,D,YO11,5,10,,,,,,,,,,,8/30/23,,
215,227,2,2,B,A,55,C,YO7,5,12,,,,,,,,,,,7/26/23,,
220,230,2,2,B,A,55,D,YO4,3,7,,,,,,,,,,,8/9/23,,
219,229,2,2,B,A,56,C,IH,1,4,V,,,,,,,,,,,,
224,232,2,2,B,A,56,D,CC,3,4,V,,,,,,,,,,,,
223,231,2,2,B,A,57,C,CC,5,4,V,,,,,,,,,,,,
228,234,2,2,B,A,57,D,YO11,4,13,X,,,,,,,,,,,,
227,233,2,2,B,A,58,C,LVTR1,8,5,,,,,,,,,,,8/9/23,,
232,236,2,2,B,A,58,D,YO7,7,13,V,,,,,,,,,,,,new location
231,235,2,2,B,A,59,C,WL1*,buffer,buffer,,,,,,,,,,,,,
236,238,2,2,B,A,59,D,WL1*,buffer,buffer,,,,,,,,,,,,,
235,237,2,2,B,A,60,C,NA,NA,NA,,,,,,,,,,,,,no hole/not planted
238,239,3,1,D,B,1,A,NA,NA,NA,,,,,,,,,,,,,no hole/not planted
241,240,3,1,D,B,1,B,NA,NA,NA,,,,,,,,,,,,,no hole/not planted
242,241,3,1,D,B,2,A,NA,NA,NA,,,,,,,,,,,,,no hole/not planted
245,242,3,1,D,B,2,B,NA,NA,NA,,,,,,,,,,,,,no hole/not planted
246,243,3,1,D,B,3,A,NA,NA,NA,,,,,,,,,,,,,no hole/not planted
249,244,3,1,D,B,3,B,NA,NA,NA,,,,,,,,,,,,,no hole/not planted
250,245,3,1,D,B,4,A,CP3,6,12,,,,,,,,,,,7/26/23,,
253,246,3,1,D,B,4,B,BH,5,6,,,,,,,,,,,7/26/23,,
254,247,3,1,D,B,5,A,DPR,6,5,,,,,,,,,,,7/26/23,,
257,248,3,1,D,B,5,B,SC,2,6,,,,,,,,,,,7/26/23,,
258,249,3,1,D,B,6,A,SQ2,8,12,,,,,,,,,,,7/26/23,,
261,250,3,1,D,B,6,B,WL2,6,12,,,,,,,,,,,7/26/23,,
262,251,3,1,D,B,7,A,LV3,5,2,,,,,,,,,,,7/26/23,,
265,252,3,1,D,B,7,B,FR,6,11,,,,,,,,,,,7/26/23,,
266,253,3,1,D,B,8,A,YO7,7,2,,,,,,,,,,,7/26/23,,
269,254,3,1,D,B,8,B,TM2,2,8,,,,,,,,,,,7/26/23,,
270,255,3,1,D,B,9,A,SC,4,6,,,,,,,,,,,7/26/23,,
273,256,3,1,D,B,9,B,YO8,2,2,,,,,,,,,,,7/26/23,,
274,257,3,1,D,B,10,A,CP2,4,4,,,,,,,,,,,7/26/23,,
277,258,3,1,D,B,10,B,YO8,8,6,,,,,,,,,,,7/26/23,,
278,259,3,1,D,B,11,A,SC,8,14,,,,,,,,,,,8/2/23,,
281,260,3,1,D,B,11,B,TM2,1,5,,,,,,,,,,,7/26/23,,
282,261,3,1,D,B,12,A,SC,2,17,,,,,,,,,,,7/26/23,,
285,262,3,1,D,B,12,B,YO11,8,12,,,,,,,,,,,7/26/23,,
286,263,3,1,D,B,13,A,YO11,7,12,,,,,,,,,,,7/26/23,,
289,264,3,1,D,B,13,B,SQ1,6,8,,,,,,,,,,,7/26/23,,
290,265,3,1,D,B,14,A,WL2,5,12,,,,,,,,,,,8/2/23,,
293,266,3,1,D,B,14,B,YO11,6,12,,,,,,,,,,,7/26/23,,
294,267,3,1,D,B,15,A,YO7,7,20,,,,,,,,,,,7/26/23,,
297,268,3,1,D,B,15,B,YO11,1,12,,,,,,,,,,,7/26/23,,
298,269,3,1,D,B,16,A,DPR,3,11,,,,,,,,,,,7/26/23,,
301,270,3,1,D,B,16,B,LV1,8,5,,,,,,,,,,,8/2/23,,
302,271,3,1,D,B,17,A,IH,3,6,V,,,,,,,,,,,,
305,272,3,1,D,B,17,B,YO7,4,9,,,,,,,,,,,7/26/23,,
306,273,3,1,D,B,18,A,LVTR1,2,4,,,,,,,,,,,7/26/23,,
309,274,3,1,D,B,18,B,LV1,2,5,,,,,,,,,,,7/26/23,,
310,275,3,1,D,B,19,A,LVTR1,6,4,,,,,,,,,,,7/26/23,,
313,276,3,1,D,B,19,B,FR,7,6,,,,,,,,,,,7/26/23,,
314,277,3,1,D,B,20,A,WL2,7,12,,,,,,,,,,,7/26/23,,
317,278,3,1,D,B,20,B,WL2,8,12,,,,,,,,,,,7/26/23,,
318,279,3,1,D,B,21,A,WL2,1,12,,,,,,,,,,,7/26/23,,
321,280,3,1,D,B,21,B,LV1,5,5,,,,,,,,,,,7/26/23,,
322,281,3,1,C,B,22,A,IH,3,5,V,,,,,,,,,,,,new location
325,282,3,1,C,B,22,B,IH,4,5,,,,,,,,,,,7/26/23,,new location
326,283,3,1,C,B,23,A,CC,9,5,,,,,,,,,,,7/26/23,,
329,284,3,1,C,B,23,B,YO11,3,5,,,,,,,,,,,7/26/23,,
330,285,3,1,C,B,24,A,CP3,4,14,,,,,,,,,,,7/26/23,,
333,286,3,1,C,B,24,B,WL1,4,1,,,,,,,,,,,10/20/23,,
334,287,3,1,C,B,25,A,IH,6,5,V,,,,,,,,,,,,
337,288,3,1,C,B,25,B,CP3,5,11,,,,,,,,,,,7/26/23,,
338,289,3,1,C,B,26,A,YO8,8,5,,,,,,,,,,,8/2/23,,
341,290,3,1,C,B,26,B,TM2,5,9,,,,,,,,,,,8/2/23,,
342,291,3,1,C,B,27,A,SQ3,1,9,,,,,,,,,,,7/26/23,,
345,292,3,1,C,B,27,B,SQ2,8,11,,,,,,,,,,,8/9/23,,
346,293,3,1,C,B,28,A,CC,5,5,,,,,,,,,,,7/26/23,,
349,294,3,1,C,B,28,B,TM2,2,1,,,,,,,,,,,7/26/23,,
350,295,3,1,C,B,29,A,CP2,7,10,,,,,,,,,,,8/9/23,,
353,296,3,1,C,B,29,B,WL2,6,11,,,,,,,,,,,10/20/23,,
354,297,3,1,C,B,30,A,DPR,1,10,,,,,,,,,,,8/9/23,,
357,298,3,1,C,B,30,B,SC,2,5,,,,,,,,,,,8/2/23,,
358,299,3,1,C,B,31,A,FR,2,9,,,,,,,,,,,7/26/23,,
361,300,3,1,C,B,31,B,SC,8,5,,,,,,,,,,,8/9/23,,
362,301,3,1,C,B,32,A,IH,4,5,NA,,,,,,,,,,,no plant or tag,
365,302,3,1,C,B,32,B,SQ3,6,5,X,,,,,,,,,,,,
366,303,3,1,C,B,33,A,WL2,5,11,V,,,,,,,,,,,,
369,304,3,1,C,B,33,B,BH,6,5,,,,,,,,,,,8/2/23,,
370,305,3,1,C,B,34,A,CP2,5,3,,,,,,,,,,,10/20/23,,
373,306,3,1,C,B,34,B,YO11,7,11,,,,,,,,,,,7/26/23,,
374,307,3,1,C,B,35,A,NA,NA,NA,,,,,,,,,,,,,
377,308,3,1,C,B,35,B,WL1,7,7,V,,,,,,,,,,,,no hole/not planted
378,309,3,1,C,B,36,A,TM2,3,9,,,,,,,,,,,7/26/23,,
381,310,3,1,C,B,36,B,CP2,3,3,V,,,,,,,,,,,,
382,311,3,1,C,B,37,A,TM2,1,16,P,,,,,,,,,,,,
385,312,3,1,C,B,37,B,YO8,6,14,V,,,,,,,,,,,,
386,313,3,1,C,B,38,A,FR,4,4,,,,,,,,,,,7/26/23,,
389,314,3,1,C,B,38,B,SQ1,14,2,V,,,,,,,,,,,,
390,315,3,1,C,B,39,A,CC,8,5,,,,,,,,,,,8/2/23,,
393,316,3,1,C,B,39,B,CP3,6,11,,,,,,,,,,,7/26/23,,
394,317,3,1,C,B,40,A,WL2,2,11,V,,,,,,,,,,,,
397,318,3,1,C,B,40,B,LV1,8,4,,,,,,,,,,,8/2/23,,
398,319,3,1,C,B,41,A,SC,4,5,V,,,,,,,,,,,,
401,320,3,1,C,B,41,B,CP3,2,12,,,,,,,,,,,9/20/23,,
402,321,3,1,C,B,42,A,BH,2,5,V,,,,,,,,,,,,
405,322,3,1,C,B,42,B,LV3,5,1,,,,,,,,,,,8/9/23,,
406,323,3,1,C,B,43,A,BH,5,5,V,,,,,,,,,,,,
409,324,3,1,C,B,43,B,LVTR1,2,3,,,,,,,,,,,9/20/23,,
410,325,3,1,C,B,44,A,WL2,7,11,V,,,,,,,,,,,,
413,326,3,1,C,B,44,B,LV1,2,4,,,,,,,,,,,8/2/23,,
414,327,3,1,C,B,45,A,YO8,6,5,,,,,,,,,,,7/26/23,,
417,328,3,1,C,B,45,B,YO11,8,17,,,,,,,,,,,7/26/23,,
418,329,3,1,C,B,46,A,WL1,4,10,,,,,,,,,,,10/20/23,,
421,330,3,1,C,B,46,B,DPR,7,6,V,,,,,,,,,,,,
422,331,3,1,C,B,47,A,SC,2,16,V,,,,,,,,,,,,
425,332,3,1,C,B,47,B,LV1,5,4,,,,,,,,,,,8/30/23,,
426,333,3,1,C,B,48,A,YO4,2,15,,,,,,,,,,,8/2/23,,
429,334,3,1,C,B,48,B,LV1,6,4,,,,,,,,,,,7/26/23,,
430,335,3,1,C,B,49,A,FR,7,5,,,,,,,,,,,10/20/23,,
433,336,3,1,C,B,49,B,WR,1,2,,,,,,,,,,,7/26/23,,
434,337,3,1,C,B,50,A,SC,5,5,V,,,,,,,,,,,,
437,338,3,1,C,B,50,B,CC,1,5,V,,,,,,,,,,,,
438,339,3,1,C,B,51,A,YO11,8,11,,,,,,,,,,,8/2/23,,
441,340,3,1,C,B,51,B,CC,2,5,,,,,,,,,,,8/9/23,,
442,341,3,1,C,B,52,A,DPR,8,1,V,,,,,,,,,,,,
445,342,3,1,C,B,52,B,YO11,1,11,,,,,,,,,,,7/26/23,,
446,343,3,1,C,B,53,A,WL1*,buffer,buffer,,,,,,,,,,,,,
449,344,3,1,C,B,53,B,WL1*,buffer,buffer,,,,,,,,,,,,,
450,345,3,1,C,B,54,A,NA,NA,NA,,,,,,,,,,,,,no hole/not planted
453,346,3,1,C,B,54,B,NA,NA,NA,,,,,,,,,,,,,no hole/not planted
454,347,3,1,B,B,55,A,WL1*,buffer,buffer,,,,,,,,,,,,,
457,348,3,1,B,B,55,B,NA,NA,NA,,,,,,,,,,,,,no hole/not planted
458,349,3,1,B,B,56,A,SC,6,15,V,,,,,,,,,,,,
461,350,3,1,B,B,56,B,WL1*,buffer,buffer,,,,,,,,,,,,,
462,351,3,1,B,B,57,A,IH,4,4,V,,,,,,,,,,,,
465,352,3,1,B,B,57,B,DPR,8,13,,,,,,,,,,,8/2/23,,
466,353,3,1,B,B,58,A,YO8,8,4,,,,,,,,,,,7/26/23,,
469,354,3,1,B,B,58,B,DPR,6,3,,,,,,,,,,,7/26/23,,
470,355,3,1,B,B,59,A,YO8,3,13,,,,,,,,,,,9/20/23,,
473,356,3,1,B,B,59,B,DPR,3,9,,,,,,,,,,,7/26/23,,
474,357,3,1,B,B,60,A,WL1*,buffer,buffer,,,,,,,,,,,,,
477,358,3,1,B,B,60,B,WL1*,buffer,buffer,,,,,,,,,,,,,
239,359,4,2,D,B,1,C,NA,NA,NA,,,,,,,,,,,,,no hole/not planted
240,360,4,2,D,B,1,D,NA,NA,NA,,,,,,,,,,,,,no hole/not planted
243,361,4,2,D,B,2,C,NA,NA,NA,,,,,,,,,,,,,no hole/not planted
244,362,4,2,D,B,2,D,NA,NA,NA,,,,,,,,,,,,,no hole/not planted
247,363,4,2,D,B,3,C,NA,NA,NA,,,,,,,,,,,,,no hole/not planted
248,364,4,2,D,B,3,D,NA,NA,NA,,,,,,,,,,,,,no hole/not planted
251,365,4,2,D,B,4,C,TM2,7,16,,,,,,,,,,,7/26/23,,
252,366,4,2,D,B,4,D,SQ3,3,6,,,,,,,,,,,7/26/23,,
255,367,4,2,D,B,5,C,BH,2,6,,,,,,,,,,,7/26/23,,
256,368,4,2,D,B,5,D,LV3,2,3,,,,,,,,,,,7/26/23,,
259,369,4,2,D,B,6,C,BH,1,6,,,,,,,,,,,7/26/23,,
260,370,4,2,D,B,6,D,WL1,2,3,,,,,,,,,,,7/26/23,,
263,371,4,2,D,B,7,C,CP2,2,4,,,,,,,,,,,7/26/23,,
264,372,4,2,D,B,7,D,BH,4,6,,,,,,,,,,,7/26/23,,
267,373,4,2,D,B,8,C,YO8,1,2,,,,,,,,,,,7/26/23,,
268,374,4,2,D,B,8,D,DPR,8,2,,,,,,,,,,,8/2/23,,
271,375,4,2,D,B,9,C,FR,4,5,,,,,,,,,,,7/26/23,,
272,376,4,2,D,B,9,D,IH,5,6,,,,,,,,,,,7/26/23,,
275,377,4,2,D,B,10,C,CP2,3,4,,,,,,,,,,,8/2/23,,
276,378,4,2,D,B,10,D,FR,1,2,,,,,,,,,,,7/26/23,,
279,379,4,2,D,B,11,C,SQ1,3,1,,,,,,,,,,,7/26/23,,
280,380,4,2,D,B,11,D,YO8,2,14,,,,,,,,,,,7/26/23,,
283,381,4,2,D,B,12,C,WL2,3,12,V,,,,,,,,,,,,
284,382,4,2,D,B,12,D,TM2,5,1,,,,,,,,,,,7/26/23,,
287,383,4,2,D,B,13,C,LV1,4,5,,,,,,,,,,,7/26/23,,
288,384,4,2,D,B,13,D,LVTR1,5,8,,,,,,,,,,,7/26/23,,
291,385,4,2,D,B,14,C,SQ2,4,10,,,,,,,,,,,7/26/23,,
292,386,4,2,D,B,14,D,CP3,2,10,,,,,,,,,,,8/2/23,,
295,387,4,2,D,B,15,C,LV1,6,5,,,,,,,,,,,7/26/23,,
296,388,4,2,D,B,15,D,SQ2,6,12,,,,,,,,,,,7/26/23,,
299,389,4,2,D,B,16,C,CP2,1,14,,,,,,,,,,,7/26/23,,
300,390,4,2,D,B,16,D,YO8,5,6,,,,,,,,,,,7/26/23,,
303,391,4,2,D,B,17,C,SQ3,5,1,,,,,,,,,,,7/26/23,,
304,392,4,2,D,B,17,D,YO7,1,1,,,,,,,,,,,7/26/23,,
307,393,4,2,D,B,18,C,CC,5,6,,,,,,,,,,,7/26/23,,
308,394,4,2,D,B,18,D,CP3,4,12,,,,,,,,,,,9/20/23,,
311,395,4,2,D,B,19,C,YO4,2,7,,,,,,,,,,,7/26/23,,
312,396,4,2,D,B,19,D,CC,2,6,V,,,,,,,,,,,,
315,397,4,2,D,B,20,C,IH,7,6,V,,,,,,,,,,,,
316,398,4,2,D,B,20,D,BH,6,6,V,,,,,,,,,,,,
319,399,4,2,D,B,21,C,CC,8,6,,,,,,,,,,,8/23/23,,
320,400,4,2,D,B,21,D,CP2,1,4,,,,,,,,,,,10/20/23,,
323,401,4,2,C,B,22,C,WL1*,buffer,buffer,,,,,,,,,,,,,
324,402,4,2,C,B,22,D,WL1*,buffer,buffer,,,,,,,,,,,,,
327,403,4,2,C,B,23,C,CP2,4,3,,,,,,,,,,,7/26/23,,
328,404,4,2,C,B,23,D,WL1*,buffer,buffer,,,,,,,,,,,,,
331,405,4,2,C,B,24,C,YO8,2,1,,,,,,,,,,,7/26/23,,
332,406,4,2,C,B,24,D,LV1,1,4,,,,,,,,,,,7/26/23,,
335,407,4,2,C,B,25,C,LVTR1,8,2,,,,,,,,,,,7/26/23,,
336,408,4,2,C,B,25,D,LVTR1,7,16,,,,,,,,,,,7/26/23,,
339,409,4,2,C,B,26,C,IH,5,5,V,,,,,,,,,,,,
340,410,4,2,C,B,26,D,DPR,3,10,,,,,,,,,,,7/26/23,,
343,411,4,2,C,B,27,C,DPR,4,10,,,,,,,,,,,8/2/23,,
344,412,4,2,C,B,27,D,DPR,6,16,,,,,,,,,,,8/2/23,,
347,413,4,2,C,B,28,C,BH,4,5,V,,,,,,,,,,,,
348,414,4,2,C,B,28,D,SQ1,2,2,,,,,,,,,,,8/2/23,,
351,415,4,2,C,B,29,C,WL2,8,11,,,,,,,,,,,8/2/23,,
352,416,4,2,C,B,29,D,LV3,7,5,,,,,,,,,,,8/2/23,,
355,417,4,2,C,B,30,C,CC,4,5,,,,,,,,,,,7/26/23,,
356,418,4,2,C,B,30,D,SQ2,1,4,,,,,,,,,,,8/2/23,,
359,419,4,2,C,B,31,C,CP2,6,11,,,,,,,,,,,7/26/23,,
360,420,4,2,C,B,31,D,CP3,4,11,V,,,,,,,,,,,,
363,421,4,2,C,B,32,C,SQ2,6,19,,,,,,,,,,,7/26/23,,
364,422,4,2,C,B,32,D,YO11,5,11,,,,,,,,,,,9/20/23,,
367,423,4,2,C,B,33,C,YO7,6,1,,,,,,,,,,,7/26/23,,
368,424,4,2,C,B,33,D,YO4,1,1,X,,,,,,,,,,,,
371,425,4,2,C,B,34,C,YO8,5,5,,,,,,,,,,,8/2/23,,
372,426,4,2,C,B,34,D,SC,5,16,,,,,,,,,,,8/2/23,,
375,427,4,2,C,B,35,C,CP2,1,3,,,,,,,,,,,8/2/23,,
376,428,4,2,C,B,35,D,DPR,6,4,,,,,,,,,,,8/2/23,,
379,429,4,2,C,B,36,C,YO8,1,1,,,,,,,,,,,7/26/23,,
380,430,4,2,C,B,36,D,TM2,1,4,P,,,,,,,,,,,,
383,431,4,2,C,B,37,C,LVTR1,4,1,,,,,,,,,,,7/26/23,,
384,432,4,2,C,B,37,D,WL2,3,11,,,,,,,,,,,8/2/23,,
387,433,4,2,C,B,38,C,LVTR1,7,3,,,,,,,,,,,7/26/23,,
388,434,4,2,C,B,38,D,LVTR1,8,6,,,,,,,,,,,8/2/23,,
391,435,4,2,C,B,39,C,CP2,2,3,,,,,,,,,,,8/2/23,,
392,436,4,2,C,B,39,D,YO4,2,6,,,,,,,,,,,7/26/23,,
395,437,4,2,C,B,40,C,CC,3,5,,,,,,,,,,,8/30/23,,
396,438,4,2,C,B,40,D,BH,3,5,,,,,,,,,,,7/26/23,,
399,439,4,2,C,B,41,C,YO7,7,1,V,,,,,,,,,,,,
400,440,4,2,C,B,41,D,IH,2,5,,,,,,,,,,,8/2/23,,
403,441,4,2,C,B,42,C,LV1,3,4,,,,,,,,,,,8/2/23,,
404,442,4,2,C,B,42,D,YO8,3,1,,,,,,,,,,,10/20/23,,
407,443,4,2,C,B,43,C,YO11,6,11,,,,,,,,,,,9/13/23,,
408,444,4,2,C,B,43,D,TM2,7,10,P,,,,,,,,,,,,
411,445,4,2,C,B,44,C,SQ3,4,11,,,,,,,,,,,8/2/23,,
412,446,4,2,C,B,44,D,IH,7,5,,,,,,,,,,,7/26/23,,
415,447,4,2,C,B,45,C,WL2,1,11,V,,,,,,,,,,,,
416,448,4,2,C,B,45,D,CP3,1,10,,,,,,,,,,,7/26/23,,
419,449,4,2,C,B,46,C,SC,6,5,V,,,,,,,,,,,,
420,450,4,2,C,B,46,D,BH,1,5,,,,,,,,,,,8/9/23,,
423,451,4,2,C,B,47,C,YO7,4,6,V,,,,,,,,,,,,
424,452,4,2,C,B,47,D,BH,7,5,V,,,,,,,,,,,,
427,453,4,2,C,B,48,C,LVTR1,5,13,,,,,,,,,,,8/2/23,,
428,454,4,2,C,B,48,D,IH,1,5,V,,,,,,,,,,,,
431,455,4,2,C,B,49,C,YO7,5,17,V,,,,,,,,,,,,
432,456,4,2,C,B,49,D,YO7,7,19,,,,,,,,,,,7/26/23,,
435,457,4,2,C,B,50,C,SQ2,6,11,,,,,,,,,,,7/26/23,,
436,458,4,2,C,B,50,D,YO7,1,8,,,,,,,,,,,8/2/23,,
439,459,4,2,C,B,51,C,CP3,3,11,,,,,,,,,,,8/2/23,,
440,460,4,2,C,B,51,D,LV1,4,4,,,,,,,,,,,7/26/23,,
443,461,4,2,C,B,52,C,YO4,4,9,,,,,,,,,,,7/26/23,,
444,462,4,2,C,B,52,D,SQ2,13,13,,,,,,,,,,,7/26/23,,
447,463,4,2,C,B,53,C,WL1*,buffer,buffer,,,,,,,,,,,,,
448,464,4,2,C,B,53,D,WL1*,buffer,buffer,,,,,,,,,,,,,
451,465,4,2,C,B,54,C,NA,NA,NA,,,,,,,,,,,,,no hole/not planted
452,466,4,2,C,B,54,D,NA,NA,NA,,,,,,,,,,,,,no hole/not planted
455,467,4,2,B,B,55,C,WL1*,buffer,buffer,,,,,,,,,,,,,
456,468,4,2,B,B,55,D,WL1*,buffer,buffer,,,,,,,,,,,,,
459,469,4,2,B,B,56,C,TM2,1,3,V,,,,,,,,,,,,
460,470,4,2,B,B,56,D,SQ1,2,1,V,,,,,,,,,,,,
463,471,4,2,B,B,57,C,LVTR1,8,19,,,,,,,,,,,8/2/23,,
464,472,4,2,B,B,57,D,BH,2,4,V,,,,,,,,,,,,
467,473,4,2,B,B,58,C,YO7,3,4,,,,,,,,,,,7/26/23,,
468,474,4,2,B,B,58,D,WL2,6,10,,,,,,,,,,,8/9/23,,
471,475,4,2,B,B,59,C,IH,5,4,,,,,,,,,,,7/26/23,,
472,476,4,2,B,B,59,D,SC,2,21,,,,,,,,,,,7/26/23,,
475,477,4,2,B,B,60,C,WL1*,buffer,buffer,,,,,,,,,,,,,
476,478,4,2,B,B,60,D,BH*,buffer,buffer,,,,,,,,,,,,,dead 7/19
478,479,5,1,D,C,1,A,NA,NA,NA,,,,,,,,,,,,,
481,480,5,1,D,C,1,B,BH*,buffer,buffer,,,,,,,,,,,,,no hole/not planted
482,481,5,1,D,C,2,A,BH*,buffer,buffer,,,,,,,,,,,,,
485,482,5,1,D,C,2,B,CP3,5,12,,,,,,,,,,,7/26/23,,
486,483,5,1,D,C,3,A,SQ3,6,7,,,,,,,,,,,8/2/23,,new location
489,484,5,1,D,C,3,B,DPR,6,14,,,,,,,,,,,7/26/23,,
490,485,5,1,D,C,4,A,YO7,6,2,,,,,,,,,,,7/26/23,,
493,486,5,1,D,C,4,B,IH,2,6,,,,,,,,,,,8/30/23,,
494,487,5,1,D,C,5,A,TM2,5,3,,,,,,,,,,,7/26/23,,
497,488,5,1,D,C,5,B,LV1,3,5,,,,,,,,,,,7/26/23,,
498,489,5,1,D,C,6,A,CC,1,6,V,,,,,,,,,,,,
501,490,5,1,D,C,6,B,YO4,1,3,,,,,,,,,,,7/26/23,,
502,491,5,1,D,C,7,A,LVTR1,8,7,,,,,,,,,,,7/26/23,,
505,492,5,1,D,C,7,B,LV1,1,5,,,,,,,,,,,7/26/23,,
506,493,5,1,D,C,8,A,IH,4,6,,,,,,,,,,,7/26/23,,
509,494,5,1,D,C,8,B,LVTR1,3,1,,,,,,,,,,,7/26/23,,
510,495,5,1,D,C,9,A,NA,NA,NA,,,,,,,,,,,,,no hole/not planted
513,496,5,1,D,C,9,B,WL2,2,12,,,,,,,,,,,7/26/23,,
514,497,5,1,D,C,10,A,WR,2,10,,,,,,,,,,,7/26/23,,
517,498,5,1,D,C,10,B,IH,1,6,,,,,,,,,,,7/26/23,,
518,499,5,1,D,C,11,A,LVTR1,8,14,,,,,,,,,,,7/26/23,,
521,500,5,1,D,C,11,B,CC,4,6,,,,,,,,,,,7/26/23,,
522,501,5,1,D,C,12,A,CP3,1,11,,,,,,,,,,,7/26/23,,
525,502,5,1,D,C,12,B,CP3,3,12,,,,,,,,,,,7/26/23,,
526,503,5,1,D,C,13,A,YO7,5,1,,,,,,,,,,,7/26/23,,
529,504,5,1,D,C,13,B,SC,8,6,V,,,,,,,,,,,,
530,505,5,1,D,C,14,A,TM2,7,11,,,,,,,,,,,7/26/23,,
533,506,5,1,D,C,14,B,SQ2,6,16,,,,,,,,,,,7/26/23,,
534,507,5,1,D,C,15,A,IH,6,6,,,,,,,,,,,7/26/23,,
537,508,5,1,D,C,15,B,NA,NA,NA,,,,,,,,,,,,,no hole/not planted
538,509,5,1,D,C,16,A,YO7,4,4,,,,,,,,,,,7/26/23,,new location
541,510,5,1,D,C,16,B,CP2,2,5,,,,,,,,,,,8/2/23,,new location
542,511,5,1,E,C,17,A,WL1*,buffer,buffer,,,,,,,,,,,,,
545,512,5,1,E,C,17,B,NA,NA,NA,,,,,,,,,,,,,no hole/not planted
546,513,5,1,E,C,18,A,WL1*,buffer,buffer,,,,,,,,,,,,,
549,514,5,1,E,C,18,B,WL1*,buffer,buffer,,,,,,,,,,,,,
550,515,5,1,E,C,19,A,IH,7,7,V,,,,,,,,,,,,
553,516,5,1,E,C,19,B,LV3,5,3,,,,,,,,,,,8/2/23,,
554,517,5,1,E,C,20,A,CP3,5,13,,,,,,,,,,,8/2/23,,
557,518,5,1,E,C,20,B,YO11,5,13,,,,,,,,,,,7/26/23,,
558,519,5,1,E,C,21,A,YO8,3,3,,,,,,,,,,,7/26/23,,
561,520,5,1,E,C,21,B,CP2,1,5,,,,,,,,,,,10/13/23,,
562,521,5,1,E,C,22,A,CP3,3,13,,,,,,,,,,,7/26/23,,
565,522,5,1,E,C,22,B,BH,6,7,V,,,,,,,,,,,,
566,523,5,1,E,C,23,A,BH,3,7,V,,,,,,,,,,,,
569,524,5,1,E,C,23,B,YO8,1,3,,,,,,,,,,,7/26/23,,
570,525,5,1,E,C,24,A,TM2,7,14,,,,,,,,,,,7/26/23,,
573,526,5,1,E,C,24,B,WL2,1,13,V,,,,,,,,,,,,
574,527,5,1,E,C,25,A,CP3,1,15,,,,,,,,,,,7/26/23,,
577,528,5,1,E,C,25,B,CC,4,7,V,,,,,,,,,,,,
578,529,5,1,E,C,26,A,BH,5,7,V,,,,,,,,,,,,
581,530,5,1,E,C,26,B,CP3,2,6,,,,,,,,,,,7/26/23,,
582,531,5,1,E,C,27,A,LVTR1,2,5,,,,,,,,,,,7/26/23,,
585,532,5,1,E,C,27,B,BH,2,7,,,,,,,,,,,8/2/23,,
586,533,5,1,E,C,28,A,YO7,7,14,V,,,,,,,,,,,,
589,534,5,1,E,C,28,B,IH,1,7,V,,,,,,,,,,,,
590,535,5,1,E,C,29,A,DPR,6,21,V,,,,,,,,,,,,
593,536,5,1,E,C,29,B,LVTR1,7,5,,,,,,,,,,,10/20/23,,
594,537,5,1,E,C,30,A,WL2,2,13,,,,,,,,,,,10/20/23,,
597,538,5,1,E,C,30,B,LV1,6,6,,,,,,,,,,,9/27/23,,
598,539,5,1,E,C,31,A,CP3,1,12,,,,,,,,,,,9/27/23,,
601,540,5,1,E,C,31,B,WL1,3,4,,,,,,,,,,,9/27/23,,
602,541,5,1,E,C,32,A,LVTR1,5,2,,,,,,,,,,,7/26/23,,
605,542,5,1,E,C,32,B,SC,2,7,,,,,,,,,,,8/9/23,,
606,543,5,1,E,C,33,A,NA,NA,NA,,,,,,,,,,,,,no hole/not planted
609,544,5,1,E,C,33,B,LV1,4,6,,,,,,,,,,,10/13/23,,
610,545,5,1,E,C,34,A,SQ2,4,9,,,,,,,,,,,9/20/23,,
613,546,5,1,E,C,34,B,YO8,6,7,,,,,,,,,,,9/13/23,,
614,547,5,1,E,C,35,A,LVTR1,6,15,,,,,,,,,,,7/26/23,,
617,548,5,1,E,C,35,B,SC,5,7,V,,,,,,,,,,,,
618,549,5,1,E,C,36,A,SQ1,14,7,,,,,,,,,,,10/13/23,,
621,550,5,1,E,C,36,B,SC,2,19,V,,,,,,,,,,,,
622,551,5,1,E,C,37,A,FR,5,2,,,,,,,,,,,7/26/23,,
625,552,5,1,E,C,37,B,YO4,3,9,,,,,,,,,,,9/27/23,,
626,553,5,1,E,C,38,A,IH,3,7,V,,,,,,,,,,,,
629,554,5,1,E,C,38,B,SQ2,6,13,,,,,,,,,,,10/13/23,,
630,555,5,1,E,C,39,A,CP3,4,13,,,,,,,,,,,7/26/23,,
633,556,5,1,E,C,39,B,SQ2,8,13,,,,,,,,,,,8/9/23,,
634,557,5,1,E,C,40,A,CC,5,7,V,,,,,,,,,,,,
637,558,5,1,E,C,40,B,BH,1,7,V,,,,,,,,,,,,
638,559,5,1,E,C,41,A,CP2,7,12,,,,,,,,,,,8/9/23,,
641,560,5,1,E,C,41,B,DPR,1,12,,,,,,,,,,,7/26/23,,
642,561,5,1,E,C,42,A,SQ2,6,17,,,,,,,,,,,9/27/23,,
645,562,5,1,E,C,42,B,SQ3,2,3,,,,,,,,,,,7/26/23,,
646,563,5,1,E,C,43,A,WL2,3,13,V,,,,,,,,,,,,
649,564,5,1,E,C,43,B,YO11,4,12,,,,,,,,,,,7/26/23,,
650,565,5,1,E,C,44,A,WL2,5,13,,,,,,,,,,,8/2/23,,
653,566,5,1,E,C,44,B,DPR,3,12,,,,,,,,,,,7/26/23,,
654,567,5,1,E,C,45,A,BH,7,7,V,,,,,,,,,,,,
657,568,5,1,E,C,45,B,CC,9,7,,,,,,,,,,,8/23/23,,
658,569,5,1,E,C,46,A,LV1,1,6,,,,,,,,,,,8/30/23,,
661,570,5,1,E,C,46,B,CP2,5,5,,,,,,,,,,,10/20/23,,
662,571,5,1,E,C,47,A,YO7,6,3,V,,,,,,,,,,,,
665,572,5,1,E,C,47,B,IH,2,7,V,,,,,,,,,,,,
666,573,5,1,E,C,48,A,CP2,4,5,,,,,,,,,,,9/20/23,,
669,574,5,1,E,C,48,B,YO8,2,3,,,,,,,,,,,7/26/23,,
670,575,5,1,E,C,49,A,YO4,5,6,,,,,,,,,,,7/26/23,,
673,576,5,1,E,C,49,B,WL1*,buffer,buffer,,,,,,,,,,,,,
674,577,5,1,F,C,50,A,LVTR1,8,9,,,,,,,,,,,9/13/23,,
677,578,5,1,F,C,50,B,YO11,8,1,,,,,,,,,,,10/20/23,,
678,579,5,1,F,C,51,A,CP2,2,6,,,,,,,,,,,9/20/23,,
681,580,5,1,F,C,51,B,YO11,5,1,,,,,,,,,,,8/9/23,,
682,581,5,1,F,C,52,A,CC,4,8,V,,,,,,,,,,,,
685,582,5,1,F,C,52,B,YO8,5,8,,,,,,,,,,,7/26/23,,
686,583,5,1,F,C,53,A,YO4,9,3,,,,,,,,,,,9/20/23,,
689,584,5,1,F,C,53,B,IH,3,8,V,,,,,,,,,,,,
690,585,5,1,F,C,54,A,LV1,3,7,,,,,,,,,,,9/13/23,,
693,586,5,1,F,C,54,B,TM2,1,14,P,,,,,,,,,,,,
694,587,5,1,F,C,55,A,YO7,1,4,V,,,,,,,,,,,,
697,588,5,1,F,C,55,B,WL2,1,1,,,,,,,,,,,7/26/23,,
698,589,5,1,F,C,56,A,BH,2,8,,,,,,,,,,,7/26/23,,
701,590,5,1,F,C,56,B,WL1,4,9,,,,,,,,,,,9/20/23,,
702,591,5,1,F,C,57,A,SC,2,8,,,,,,,,,,,7/26/23,,
705,592,5,1,F,C,57,B,CC,5,8,,,,,,,,,,,7/26/23,,
706,593,5,1,F,C,58,A,YO4,3,6,,,,,,,,,,,7/26/23,,
709,594,5,1,F,C,58,B,FR,4,7,,,,,,,,,,,7/26/23,,
710,595,5,1,F,C,59,A,YO11*,5* buffer,19* buffer,,,,,,,,,,,,,
713,596,5,1,F,C,59,B,CP2*,3* buffer,17* buffer,,,,,,,,,,,,,
714,597,5,1,F,C,60,A,NA,NA,NA,,,,,,,,,,,,,no hole/not planted
717,598,5,1,F,C,60,B,NA,NA,NA,,,,,,,,,,,,,no hole/not planted
479,599,6,2,D,C,1,C,TM2*,buffer,buffer,,,,,,,,,,,,,
480,600,6,2,D,C,1,D,TM2*,buffer,buffer,,,,,,,,,,,,,
483,601,6,2,D,C,2,C,SC,5,6,V,,,,,,,,,,,,new location
484,602,6,2,D,C,2,D,CC,9,6,V,,,,,,,,,,,,new location
487,603,6,2,D,C,3,C,SQ2,6,22,,,,,,,,,,,8/2/23,,
488,604,6,2,D,C,3,D,CP2,5,4,,,,,,,,,,,10/13/23,,
491,605,6,2,D,C,4,C,YO4,5,4,,,,,,,,,,,10/13/23,,
492,606,6,2,D,C,4,D,NA,NA,NA,,,,,,,,,,,,,
495,607,6,2,D,C,5,C,SC,6,6,V,,,,,,,,,,,,
496,608,6,2,D,C,5,D,NA,NA,NA,,,,,,,,,,,,,
499,609,6,2,D,C,6,C,YO11,5,12,,,,,,,,,,,8/2/23,,
500,610,6,2,D,C,6,D,WL1,7,20,X,,,,,,,,,,,,
503,611,6,2,D,C,7,C,WV,4,10,,,,,,,,,,,7/26/23,,
504,612,6,2,D,C,7,D,WL1,10,4,X,,,,,,,,,,,,
507,613,6,2,D,C,8,C,DPR,1,11,,,,,,,,,,,7/26/23,,
508,614,6,2,D,C,8,D,YO11,4,7,,,,,,,,,,,8/2/23,,
511,615,6,2,D,C,9,C,YO11,5,15,,,,,,,,,,,7/26/23,,
512,616,6,2,D,C,9,D,CP2,7,11,,,,,,,,,,,7/26/23,,
515,617,6,2,D,C,10,C,CP3,7,5,,,,,,,,,,,8/2/23,,
516,618,6,2,D,C,10,D,BH,3,6,V,,,,,,,,,,,,
519,619,6,2,D,C,11,C,DPR,4,11,,,,,,,,,,,,,
520,620,6,2,D,C,11,D,CC,3,6,,,,,,,,,,,8/23/23,,
523,621,6,2,D,C,12,C,YO8,3,2,,,,,,,,,,,7/26/23,,
524,622,6,2,D,C,12,D,YO7,5,16,,,,,,,,,,,8/2/23,,
527,623,6,2,D,C,13,C,LVTR1,7,4,,,,,,,,,,,10/13/23,,
528,624,6,2,D,C,13,D,WL1,7,8,X,,,,,,,,,,,,
531,625,6,2,D,C,14,C,DPR,6,19,,,,,,,,,,,8/2/23,,
532,626,6,2,D,C,14,D,YO8,6,6,,,,,,,,,,,7/26/23,,
535,627,6,2,D,C,15,C,BH,7,6,,,,,,,,,,,8/2/23,,
536,628,6,2,D,C,15,D,LV3,7,10,,,,,,,,,,,7/26/23,,new location
539,629,6,2,D,C,16,C,IH,4,7,,,,,,,,,,,7/26/23,,new location
540,630,6,2,D,C,16,D,WL1*,buffer,buffer,,,,,,,,,,,,,
543,631,6,2,E,C,17,C,WL1*,buffer,buffer,,,,,,,,,,,,,
544,632,6,2,E,C,17,D,NA,NA,NA,,,,,,,,,,,,,no hole/not planted
547,633,6,2,E,C,18,C,WL1*,buffer,buffer,,,,,,,,,,,,,
548,634,6,2,E,C,18,D,WL1*,buffer,buffer,,,,,,,,,,,,,
551,635,6,2,E,C,19,C,YO8,4,8,,,,,,,,,,,7/26/23,,
552,636,6,2,E,C,19,D,YO7,5,2,V,,,,,,,,,,,,
555,637,6,2,E,C,20,C,CP2,5,14,,,,,,,,,,,10/13/23,,
556,638,6,2,E,C,20,D,YO7,7,22,,,,,,,,,,,7/26/23,,
559,639,6,2,E,C,21,C,WL2,6,13,,,,,,,,,,,7/26/23,,
560,640,6,2,E,C,21,D,LV1,5,6,,,,,,,,,,,8/2/23,,
563,641,6,2,E,C,22,C,YO11,6,13,,,,,,,,,,,7/26/23,,
564,642,6,2,E,C,22,D,FR,7,7,,,,,,,,,,,10/13/23,,
567,643,6,2,E,C,23,C,CC,8,7,V,,,,,,,,,,,,
568,644,6,2,E,C,23,D,TM2,4,12,V,,,,,,,,,,,,
571,645,6,2,E,C,24,C,DPR,6,6,,,,,,,,,,,7/26/23,,
572,646,6,2,E,C,24,D,YO4,2,8,,,,,,,,,,,7/26/23,,
575,647,6,2,E,C,25,C,YO11,8,13,,,,,,,,,,,8/2/23,,
576,648,6,2,E,C,25,D,DPR,8,3,V,,,,,,,,,,,,
579,649,6,2,E,C,26,C,NA,NA,NA,,,,,,,,,,,,,no hole/not planted
580,650,6,2,E,C,26,D,NA,NA,NA,,,,,,,,,,,,,no hole/not planted
583,651,6,2,E,C,27,C,NA,NA,NA,,,,,,,,,,,,,no hole/not planted
584,652,6,2,E,C,27,D,NA,NA,NA,,,,,,,,,,,,,no hole/not planted
587,653,6,2,E,C,28,C,WL1,4,3,,,,,,,,,,,9/20/23,,
588,654,6,2,E,C,28,D,LV1,8,6,,,,,,,,,,,7/26/23,,
591,655,6,2,E,C,29,C,YO11,1,13,,,,,,,,,,,7/26/23,,
592,656,6,2,E,C,29,D,TM2,5,8,,,,,,,,,,,7/26/23,,
595,657,6,2,E,C,30,C,BH,4,7,V,,,,,,,,,,,,
596,658,6,2,E,C,30,D,SQ2,6,27,,,,,,,,,,,7/26/23,,
599,659,6,2,E,C,31,C,YO7,7,3,,,,,,,,,,,8/16/23,,
600,660,6,2,E,C,31,D,LV1,2,6,,,,,,,,,,,7/26/23,,
603,661,6,2,E,C,32,C,LVTR1,4,3,,,,,,,,,,,7/26/23,,
604,662,6,2,E,C,32,D,TM2,7,12,P,,,,,,,,,,,,
607,663,6,2,E,C,33,C,TM2,2,5,P,,,,,,,,,,,,
608,664,6,2,E,C,33,D,CC,3,7,V,,,,,,,,,,,,
611,665,6,2,E,C,34,C,SC,4,7,V,,,,,,,,,,,,
612,666,6,2,E,C,34,D,SC,8,7,V,,,,,,,,,,,,
615,667,6,2,E,C,35,C,WL2,8,13,,,,,,,,,,,8/2/23,,
616,668,6,2,E,C,35,D,IH,6,7,,,,,,,,,,,7/26/23,,
619,669,6,2,E,C,36,C,CC,1,7,,,,,,,,,,,8/2/23,,
620,670,6,2,E,C,36,D,LVTR1,6,5,X,,,,,,,,,,,,
623,671,6,2,E,C,37,C,CC,2,7,V,,,,,,,,,,,,
624,672,6,2,E,C,37,D,IH,5,7,,,,,,,,,,,7/26/23,,
627,673,6,2,E,C,38,C,YO7,1,3,,,,,,,,,,,,,
628,674,6,2,E,C,38,D,LV1,3,6,,,,,,,,,,,8/2/23,,
631,675,6,2,E,C,39,C,CP3,6,13,,,,,,,,,,,10/20/23,,
632,676,6,2,E,C,39,D,YO8,8,7,,,,,,,,,,,10/20/23,,
635,677,6,2,E,C,40,C,DPR,6,18,V,,,,,,,,,,,,
636,678,6,2,E,C,40,D,YO11,8,16,X,,,,,,,,,,,,
639,679,6,2,E,C,41,C,LVTR1,8,8,V,,,,,,,,,,,,
640,680,6,2,E,C,41,D,SC,6,7,V,,,,,,,,,,,,
643,681,6,2,E,C,42,C,WL1,7,9,,,,,,,,,,,9/13/23,,
644,682,6,2,E,C,42,D,WL1,10,5,,,,,,,,,,,10/13/23,,
647,683,6,2,E,C,43,C,WR,2,19,,,,,,,,,,,10/20/23,,
648,684,6,2,E,C,43,D,CP2,3,5,,,,,,,,,,,10/13/23,,
651,685,6,2,E,C,44,C,YO8,5,7,,,,,,,,,,,10/13/23,,
652,686,6,2,E,C,44,D,WL2,7,13,V,,,,,,,,,,,,
655,687,6,2,E,C,45,C,NA,NA,NA,,,,,,,,,,,,,no hole/not planted
656,688,6,2,E,C,45,D,SC,4,15,,,,,,,,,,,7/26/23,,
659,689,6,2,E,C,46,C,TM2,1,6,,,,,,,,,,,8/16/23,,dead at planting
660,690,6,2,E,C,46,D,SQ3,4,10,,,,,,,,,,,9/27/23,,
663,691,6,2,E,C,47,C,FR,4,6,,,,,,,,,,,10/13/23,,
664,692,6,2,E,C,47,D,SQ1,4,7,X,,,,,,,,,,,,
667,693,6,2,E,C,48,C,DPR,4,12,,,,,,,,,,,8/9/23,,
668,694,6,2,E,C,48,D,SQ1,4,2,V,,,,,,,,,,,,
671,695,6,2,E,C,49,C,YO11,7,13,,,,,,,,,,,9/27/23,,
672,696,6,2,E,C,49,D,WL1*,buffer,buffer,,,,,,,,,,,,,
675,697,6,2,F,C,50,C,SQ2,4,4,,,,,,,,,,,7/26/23,,
676,698,6,2,F,C,50,D,YO7,7,17,,,,,,,,,,,7/26/23,,
679,699,6,2,F,C,51,C,IH,4,8,,,,,,,,,,,8/23/23,,
680,700,6,2,F,C,51,D,LV1,4,7,,,,,,,,,,,7/26/23,,
683,701,6,2,F,C,52,C,YO8,8,8,,,,,,,,,,,8/2/23,,
684,702,6,2,F,C,52,D,YO8,2,4,,,,,,,,,,,8/2/23,,
687,703,6,2,F,C,53,C,TM2,5,2,,,,,,,,,,,7/26/23,,
688,704,6,2,F,C,53,D,TM2,7,13,P,,,,,,,,,,,,
691,705,6,2,F,C,54,C,LVTR1,7,12,,,,,,,,,,,7/26/23,different plant,
692,706,6,2,F,C,54,D,CC,1,8,,,,,,,,,,,7/26/23,,
695,707,6,2,i,C,55,C,CP3,6,1,,,,,,,,,,,7/26/23,,
696,708,6,2,F,C,55,D,CP2,7,13,,,,,,,,,,,8/2/23,,
699,709,6,2,F,C,56,C,DPR,7,5,,,,,,,,,,,8/9/23,,
700,710,6,2,F,C,56,D,TM2,1,7,,,,,,,,,,,8/2/23,,
703,711,6,2,F,C,57,C,IH,7,8,,,,,,,,,,,8/2/23,,
704,712,6,2,F,C,57,D,LV1,5,7,,,,,,,,,,,7/26/23,,
707,713,6,2,F,C,58,C,IH,2,8,,,,,,,,,,,7/26/23,,
708,714,6,2,F,C,58,D,CC,8,8,,,,,,,,,,,8/2/23,,
711,715,6,2,F,C,59,C,CP2*,3* buffer,15* buffer,,,,,,,,,,,,,
712,716,6,2,F,C,59,D,CP2*,3* buffer,16* buffer,,,,,,,,,,,,,
715,717,6,2,F,C,60,C,NA,NA,NA,,,,,,,,,,,,,no hole/not planted
716,718,6,2,F,C,60,D,NA,NA,NA,,,,,,,,,,,,,no hole/not planted
718,719,7,1,G,D,1,A,NA,NA,NA,,,,,,,,,,,,,no hole/not planted
721,720,7,1,G,D,1,B,NA,NA,NA,,,,,,,,,,,,,no hole/not planted
722,721,7,1,G,D,2,A,LV1*,6* buffer,14* buffer,,,,,,,,,,,,,
725,722,7,1,G,D,2,B,TM2*,buffer,buffer,,,,,,,,,,,,,
726,723,7,1,G,D,3,A,YO11,8,2,,,,,,,,,,,7/26/23,,new location
729,724,7,1,G,D,3,B,IH,5,9,V,,,,,,,,,,,,new location
730,725,7,1,G,D,4,A,TM2,5,10,,,,,,,,,,,8/16/23,,new location
733,726,7,1,G,D,4,B,YO11,7,14,,,,,,,,,,,9/20/23,,new location
734,727,7,1,G,D,5,A,CP3,4,2,,,,,,,,,,,10/13/23,,new location
737,728,7,1,G,D,5,B,SQ2,1,1,,,,,,,,,,,10/20/23,,
738,729,7,1,G,D,6,A,CP2,5,7,,,,,,,,,,,7/26/23,,
741,730,7,1,G,D,6,B,NA,NA,NA,,,,,,,,,,,,,no hole/not planted
742,731,7,1,G,D,7,A,NA,NA,NA,,,,,,,,,,,,,no hole/not planted
745,732,7,1,G,D,7,B,LVTR1,8,10,,,,,,,,,,,7/26/23,,
746,733,7,1,G,D,8,A,NA,NA,NA,,,,,,,,,,,,,no hole/not planted
749,734,7,1,G,D,8,B,NA,NA,NA,,,,,,,,,,,,,no hole/not planted
750,735,7,1,G,D,9,A,CP3,2,1,,,,,,,,,,,7/26/23,,
753,736,7,1,G,D,9,B,NA,NA,NA,,,,,,,,,,,,,no hole/not planted
754,737,7,1,G,D,10,A,CP2,1,7,V,,,,,,,,,,,,
757,738,7,1,G,D,10,B,DPR,1,1,V,,,,,,,,,,,,
758,739,7,1,G,D,11,A,LV1,8,8,,,,,,,,,,,7/26/23,,
761,740,7,1,G,D,11,B,YO7,7,5,V,,,,,,,,,,,,
762,741,7,1,G,D,12,A,LVTR1,7,7,,,,,,,,,,,8/2/23,,
765,742,7,1,G,D,12,B,YO8,6,9,,,,,,,,,,,7/26/23,,
766,743,7,1,G,D,13,A,NA,NA,NA,,,,,,,,,,,,,no hole/not planted
769,744,7,1,G,D,13,B,LVTR1,6,7,,,,,,,,,,,8/2/23,,
770,745,7,1,G,D,14,A,IH,7,9,V,,,,,,,,,,,,
773,746,7,1,G,D,14,B,SC,6,9,,,,,,,,,,,8/2/23,,
774,747,7,1,G,D,15,A,YO7,7,24,,,,,,,,,,,8/2/23,,
777,748,7,1,G,D,15,B,YO4,2,10,X,,,,,,,,,,,,
778,749,7,1,G,D,16,A,SQ3,7,13,,,,,,,,,,,7/26/23,,SQ3 7-13
781,750,7,1,G,D,16,B,YO11,3,4,,,,,,,,,,,8/2/23,,
782,751,7,1,G,D,17,A,CC,9,9,V,,,,,,,,,,,,
785,752,7,1,G,D,17,B,LV3,5,5,,,,,,,,,,,10/20/23,,
786,753,7,1,G,D,18,A,WL1,2,1,,,,,,,,,,,10/13/23,,
789,754,7,1,G,D,18,B,DPR,6,8,V,,,,,,,,,,,,
790,755,7,1,G,D,19,A,TM2,7,18,V,,,,,,,,,,,,
793,756,7,1,G,D,19,B,CC,4,9,V,,,,,,,,,,,,
794,757,7,1,G,D,20,A,YO7,6,14,V,,,,,,,,,,,,
797,758,7,1,G,D,20,B,LV1,3,8,,,,,,,,,,,8/2/23,,
798,759,7,1,G,D,21,A,SC,5,9,V,,,,,,,,,,,,
801,760,7,1,G,D,21,B,BH,6,9,,,,,,,,,,,8/2/23,,
802,761,7,1,G,D,22,A,DPR,3,1,V,,,,,,,,,,,,
805,762,7,1,G,D,22,B,CC,1,9,,,,,,,,,,,8/2/23,,
806,763,7,1,G,D,23,A,LV3,1,2,,,,,,,,,,,7/26/23,,
809,764,7,1,G,D,23,B,LVTR1,4,8,,,,,,,,,,,8/2/23,,
810,765,7,1,G,D,24,A,YO7,5,4,,,,,,,,,,,8/2/23,,
813,766,7,1,G,D,24,B,IH,1,9,V,,,,,,,,,,,,
814,767,7,1,G,D,25,A,WL1,7,11,,,,,,,,,,,7/26/23,,
817,768,7,1,G,D,25,B,SC,2,9,,,,,,,,,,,7/26/23,,
818,769,7,1,G,D,26,A,YO8,8,9,,,,,,,,,,,7/26/23,,
821,770,7,1,G,D,26,B,LV1,2,8,,,,,,,,,,,8/9/23,,
822,771,7,1,G,D,27,A,LV1,6,8,,,,,,,,,,,7/26/23,,
825,772,7,1,G,D,27,B,BH,7,9,,,,,,,,,,,7/26/23,,
826,773,7,1,G,D,28,A,CP2,2,7,,,,,,,,,,,8/2/23,,
829,774,7,1,G,D,28,B,SC,4,9,,,,,,,,,,,8/2/23,,
830,775,7,1,G,D,29,A,YO4,3,10,,,,,,,,,,,7/26/23,,
833,776,7,1,G,D,29,B,CC,5,9,,,,,,,,,,,7/26/23,,
834,777,7,1,G,D,30,A,TM2,7,1,,,,,,,,,,,8/2/23,,
837,778,7,1,G,D,30,B,BH,1,9,,,,,,,,,,,7/26/23,,
838,779,7,1,G,D,31,A,FR,3,9,,,,,,,,,,,7/26/23,,
841,780,7,1,G,D,31,B,TM2,1,8,,,,,,,,,,,8/2/23,,
842,781,7,1,G,D,32,A,DPR,5,13,,,,,,,,,,,8/2/23,,
845,782,7,1,G,D,32,B,SQ2,8,2,,,,,,,,,,,7/26/23,,
846,783,7,1,G,D,33,A,WL2,5,2,,,,,,,,,,,8/2/23,,
849,784,7,1,G,D,33,B,CP2,3,7,,,,,,,,,,,9/27/23,,
850,785,7,1,G,D,34,A,LV3,7,13,,,,,,,,,,,7/26/23,,
853,786,7,1,G,D,34,B,CP2,7,1,,,,,,,,,,,8/2/23,,
854,787,7,1,G,D,35,A,YO11,1,2,,,,,,,,,,,7/26/23,,
857,788,7,1,G,D,35,B,NA,NA,NA,,,,,,,,,,,,,no hole/not planted
858,789,7,1,F,D,36,A,LV1*,4* buffer,16* buffer,,,,,,,,,,,,,
861,790,7,1,F,D,36,B,LV1*,1* buffer,5* buffer,,,,,,,,,,,,,
862,791,7,1,F,D,37,A,BH,5,8,V,,,,,,,,,,,,
865,792,7,1,F,D,37,B,YO11,7,2,,,,,,,,,,,8/9/23,,new location
866,793,7,1,F,D,38,A,WL2,8,1,,,,,,,,,,,8/9/23,,
869,794,7,1,F,D,38,B,LVTR1,6,6,,,,,,,,,,,7/26/23,,
870,795,7,1,F,D,39,A,CC,9,8,V,,,,,,,,,,,,
873,796,7,1,F,D,39,B,SC,8,8,,,,,,,,,,,8/2/23,,
874,797,7,1,F,D,40,A,CC,3,8,,,,,,,,,,,8/2/23,,
877,798,7,1,F,D,40,B,BH,7,8,V,,,,,,,,,,,,
878,799,7,1,F,D,41,A,YO11,5,18,,,,,,,,,,,8/9/23,,
881,800,7,1,F,D,41,B,SQ3,1,12,,,,,,,,,,,10/20/23,,
882,801,7,1,F,D,42,A,WR,2,16,,,,,,,,,,,7/26/23,,
885,802,7,1,F,D,42,B,YO8,1,4,,,,,,,,,,,7/26/23,,
886,803,7,1,F,D,43,A,LVTR1,7,6,,,,,,,,,,,9/27/23,,
889,804,7,1,F,D,43,B,DPR,8,16,V,,,,,,,,,,,,
890,805,7,1,F,D,44,A,CP3,3,1,,,,,,,,,,,8/9/23,,
893,806,7,1,F,D,44,B,SQ1,14,6,,,,,,,,,,,7/26/23,,
894,807,7,1,F,D,45,A,SC,6,8,V,,,,,,,,,,,,
897,808,7,1,F,D,45,B,WL2,7,1,,,,,,,,,,,8/9/23,,
898,809,7,1,F,D,46,A,LV3,5,4,,,,,,,,,,,8/2/23,,
901,810,7,1,F,D,46,B,WL1,7,10,,,,,,,,,,,8/2/23,,
902,811,7,1,F,D,47,A,LVTR1,4,2,,,,,,,,,,,8/2/23,,
905,812,7,1,F,D,47,B,CP2,1,6,,,,,,,,,,,9/27/23,,
906,813,7,1,F,D,48,A,LV1,8,7,,,,,,,,,,,8/9/23,,
909,814,7,1,F,D,48,B,WL2,3,1,V,,,,,,,,,,,,
910,815,7,1,F,D,49,A,SQ3,4,8,,,,,,,,,,,8/2/23,,
913,816,7,1,F,D,49,B,YO11,6,1,,,,,,,,,,,10/13/23,,
914,817,7,1,F,D,50,A,YO7,7,4,V,,,,,,,,,,,,
917,818,7,1,F,D,50,B,CP3,2,7,,,,,,,,,,,7/26/23,,
918,819,7,1,F,D,51,A,LVTR1,5,12,,,,,,,,,,,8/2/23,,
921,820,7,1,F,D,51,B,TM2,4,8,,,,,,,,,,,7/26/23,,
922,821,7,1,F,D,52,A,WL1,2,2,,,,,,,,,,,7/26/23,,
925,822,7,1,F,D,52,B,YO7,7,16,,,,,,,,,,,7/26/23,,
926,823,7,1,F,D,53,A,IH,6,8,,,,,,,,,,,7/26/23,,
929,824,7,1,F,D,53,B,DPR,1,13,,,,,,,,,,,8/2/23,,
930,825,7,1,F,D,54,A,YO8,6,8,,,,,,,,,,,8/9/23,,
933,826,7,1,F,D,54,B,DPR,8,4,V,,,,,,,,,,,,
934,827,7,1,F,D,55,A,BH,3,8,V,,,,,,,,,,,,
937,828,7,1,F,D,55,B,YO4,2,9,V,,,,,,,,,,,,
938,829,7,1,F,D,56,A,FR,7,8,,,,,,,,,,,8/2/23,,
941,830,7,1,F,D,56,B,SQ1,2,6,X,,,,,,,,,,,,
942,831,7,1,F,D,57,A,CP2,2,15,,,,,,,,,,,7/26/23,,
945,832,7,1,F,D,57,B,CP2,4,6,,,,,,,,,,,7/26/23,,
946,833,7,1,F,D,58,A,SQ2,6,1,,,,,,,,,,,10/20/23,,
949,834,7,1,F,D,58,B,YO11,3,2,,,,,,,,,,,8/2/23,,
950,835,7,1,F,D,59,A,buffer,buffer,buffer,,,,,,,,,,,,,
953,836,7,1,F,D,59,B,LVTR1*,8* buffer,28* buffer,,,,,,,,,,,,,
954,837,7,1,F,D,60,A,NA,NA,NA,,,,,,,,,,,,,no hole/not planted
957,838,7,1,F,D,60,B,NA,NA,NA,,,,,,,,,,,,,no hole/not planted
719,839,8,2,G,D,1,C,NA,NA,NA,,,,,,,,,,,,,no hole/not planted
720,840,8,2,G,D,1,D,NA,NA,NA,,,,,,,,,,,,,no hole/not planted
723,841,8,2,G,D,2,C,TM2*,buffer,buffer,,,,,,,,,,,,,
724,842,8,2,G,D,2,D,buffer,,,,,,,,,,,,,,,
727,843,8,2,G,D,3,C,WR,1,1,,,,,,,,,,,7/26/23,,new location
728,844,8,2,G,D,3,D,SQ3,6,2,,,,,,,,,,,7/26/23,,new location
731,845,8,2,G,D,4,C,YO8,1,5,X,,,,,,,,,,,,new location
732,846,8,2,G,D,4,D,IH,4,9,,,,,,,,,,,7/26/23,,new location
735,847,8,2,G,D,5,C,WL2,2,2,V,,,,,,,,,,,,
736,848,8,2,G,D,5,D,CP2,4,7,,,,,,,,,,,7/26/23,,
739,849,8,2,G,D,6,C,CP3,4,15,,,,,,,,,,,8/2/23,,
740,850,8,2,G,D,6,D,YO4,9,2,,,,,,,,,,,7/26/23,,
743,851,8,2,G,D,7,C,NA,NA,NA,,,,,,,,,,,,,no hole/not planted
744,852,8,2,G,D,7,D,NA,NA,NA,,,,,,,,,,,,,no hole/not planted
747,853,8,2,G,D,8,C,LV1,1,8,,,,,,,,,,,7/26/23,,
748,854,8,2,G,D,8,D,NA,NA,NA,,,,,,,,,,,,,no hole/not planted
751,855,8,2,G,D,9,C,WL2,3,2,,,,,,,,,,,8/2/23,,
752,856,8,2,G,D,9,D,FR,7,9,,,,,,,,,,,7/26/23,,
755,857,8,2,G,D,10,C,LVTR1,2,7,,,,,,,,,,,8/2/23,,
756,858,8,2,G,D,10,D,SQ1,2,13,,,,,,,,,,,7/26/23,,
759,859,8,2,G,D,11,C,CP3,5,2,,,,,,,,,,,8/23/23,,
760,860,8,2,G,D,11,D,SQ2,6,23,,,,,,,,,,,7/26/23,,
763,861,8,2,G,D,12,C,YO11,5,2,,,,,,,,,,,7/26/23,,
764,862,8,2,G,D,12,D,BH,5,9,,,,,,,,,,,7/26/23,,
767,863,8,2,G,D,13,C,SQ1,6,9,,,,,,,,,,,8/2/23,,
768,864,8,2,G,D,13,D,YO8,5,9,,,,,,,,,,,7/26/23,,
771,865,8,2,G,D,14,C,IH,3,9,,,,,,,,,,,8/2/23,,
772,866,8,2,G,D,14,D,YO8,8,14,,,,,,,,,,,7/26/23,,
775,867,8,2,G,D,15,C,YO7,4,5,,,,,,,,,,,7/26/23,,
776,868,8,2,G,D,15,D,LVTR1,7,18,,,,,,,,,,,7/26/23,,
779,869,8,2,G,D,16,C,TM2,6,13,,,,,,,,,,,7/26/23,,
780,870,8,2,G,D,16,D,DPR,3,15,,,,,,,,,,,7/26/23,,
783,871,8,2,G,D,17,C,YO8,3,5,,,,,,,,,,,9/27/23,,
784,872,8,2,G,D,17,D,SC,8,9,V,,,,,,,,,,,,
787,873,8,2,G,D,18,C,LV1,5,8,,,,,,,,,,,7/26/23,,
788,874,8,2,G,D,18,D,FR,6,12,,,,,,,,,,,7/26/23,,
791,875,8,2,G,D,19,C,CP3,6,2,,,,,,,,,,,7/26/23,,
792,876,8,2,G,D,19,D,TM2,2,9,,,,,,,,,,,7/26/23,,
795,877,8,2,G,D,20,C,TM2,4,4,,,,,,,,,,,8/2/23,,
796,878,8,2,G,D,20,D,BH,2,9,,,,,,,,,,,8/2/23,,
799,879,8,2,G,D,21,C,IH,2,9,,,,,,,,,,,8/2/23,,
800,880,8,2,G,D,21,D,WL2,6,2,,,,,,,,,,,7/26/23,,
803,881,8,2,G,D,22,C,CP2,2,14,X,,,,,,,,,,,,
804,882,8,2,G,D,22,D,WL2,7,2,V,,,,,,,,,,,,
807,883,8,2,G,D,23,C,WL1,7,15,V,,,,,,,,,,,,
808,884,8,2,G,D,23,D,CC,8,9,,,,,,,,,,,7/26/23,,
811,885,8,2,G,D,24,C,CC,3,9,,,,,,,,,,,7/26/23,,
812,886,8,2,G,D,24,D,SQ2,13,3,,,,,,,,,,,7/26/23,,
815,887,8,2,G,D,25,C,SC,4,17,,,,,,,,,,,7/26/23,,
816,888,8,2,G,D,25,D,WL2,8,2,,,,,,,,,,,7/26/23,,
819,889,8,2,G,D,26,C,CP3,3,2,,,,,,,,,,,7/26/23,,
820,890,8,2,G,D,26,D,YO7,6,5,,,,,,,,,,,7/26/23,,
823,891,8,2,G,D,27,C,CC,2,9,V,,,,,,,,,,,,
824,892,8,2,G,D,27,D,YO11,6,2,,,,,,,,,,,8/2/23,,
827,893,8,2,G,D,28,C,SC,8,15,V,,,,,,,,,,,,
828,894,8,2,G,D,28,D,SQ2,6,2,,,,,,,,,,,10/13/23,,
831,895,8,2,G,D,29,C,WL2,1,2,V,,,,,,,,,,,,
832,896,8,2,G,D,29,D,YO7,1,5,V,,,,,,,,,,,,
835,897,8,2,G,D,30,C,DPR,8,5,,,,,,,,,,,8/2/23,,
836,898,8,2,G,D,30,D,FR,4,8,,,,,,,,,,,7/26/23,,
839,899,8,2,G,D,31,C,YO8,2,5,,,,,,,,,,,8/2/23,,
840,900,8,2,G,D,31,D,IH,6,9,V,,,,,,,,,,,,
843,901,8,2,G,D,32,C,LVTR1,4,4,,,,,,,,,,,8/30/23,,
844,902,8,2,G,D,32,D,LV1,4,8,,,,,,,,,,,10/20/23,,
847,903,8,2,G,D,33,C,SQ1,14,9,,,,,,,,,,,8/2/23,,
848,904,8,2,G,D,33,D,WL1,10,1,,,,,,,,,,,7/26/23,,
851,905,8,2,G,D,34,C,CP3,1,1,,,,,,,,,,,9/27/23,,
852,906,8,2,G,D,34,D,DPR,4,1,,,,,,,,,,,9/27/23,,
855,907,8,2,G,D,35,C,BH,3,9,,,,,,,,,,,7/26/23,,
856,908,8,2,G,D,35,D,BH,4,9,,,,,,,,,,,7/26/23,,
859,909,8,2,F,D,36,C,WL1*,buffer,buffer,,,,,,,,,,,,,
860,910,8,2,F,D,36,D,WL1,7,14,,,,,,,,,,,7/26/23,,new location
863,911,8,2,F,D,37,C,SC,2,18,V,,,,,,,,,,,,
864,912,8,2,F,D,37,D,WL1*,buffer,buffer,,,,,,,,,,,,,
867,913,8,2,F,D,38,C,NA,NA,NA,,,,,,,,,,,,,no hole/not planted
868,914,8,2,F,D,38,D,DPR,6,7,,,,,,,,,,,7/26/23,,
871,915,8,2,F,D,39,C,SC,5,14,,,,,,,,,,,8/2/23,,
872,916,8,2,F,D,39,D,CP3,5,14,,,,,,,,,,,7/26/23,,
875,917,8,2,F,D,40,C,IH,5,8,V,,,,,,,,,,,,
876,918,8,2,F,D,40,D,WL2,2,1,,,,,,,,,,,7/26/23,,
879,919,8,2,F,D,41,C,LVTR1,8,20,,,,,,,,,,,7/26/23,,
880,920,8,2,F,D,41,D,CP3,5,1,,,,,,,,,,,7/26/23,,
883,921,8,2,F,D,42,C,WL2,6,1,V,,,,,,,,,,,,
884,922,8,2,F,D,42,D,YO7,3,9,V,,,,,,,,,,,,
887,923,8,2,F,D,43,C,SQ2,13,6,V,,,,,,,,,,,,
888,924,8,2,F,D,43,D,CC,2,8,,,,,,,,,,,7/26/23,,
891,925,8,2,F,D,44,C,TM2,7,19,,,,,,,,,,,7/26/23,,
892,926,8,2,F,D,44,D,LV1,1,7,,,,,,,,,,,8/23/23,,
895,927,8,2,F,D,45,C,FR,2,11,,,,,,,,,,,7/26/23,,
896,928,8,2,F,D,45,D,BH,6,8,,,,,,,,,,,7/26/23,,
899,929,8,2,F,D,46,C,YO8,3,4,,,,,,,,,,,7/26/23,,
900,930,8,2,F,D,46,D,SC,5,8,,,,,,,,,,,7/26/23,,
903,931,8,2,F,D,47,C,YO8,4,12,,,,,,,,,,,7/26/23,,
904,932,8,2,F,D,47,D,BH,1,8,,,,,,,,,,,7/26/23,,
907,933,8,2,F,D,48,C,SQ2,6,25,X,,,,,,,,,,,,
908,934,8,2,F,D,48,D,YO11,7,1,X,,,,,,,,,,,,
911,935,8,2,F,D,49,C,SQ2,8,1,,,,,,,,,,,7/26/23,,
912,936,8,2,F,D,49,D,YO11,1,1,,,,,,,,,,,7/26/23,,
915,937,8,2,F,D,50,C,YO7,5,3,,,,,,,,,,,8/9/23,,
916,938,8,2,F,D,50,D,DPR,4,13,,,,,,,,,,,7/26/23,,
919,939,8,2,F,D,51,C,IH,1,8,V,,,,,,,,,,,,
920,940,8,2,F,D,51,D,LV3,7,8,,,,,,,,,,,7/26/23,,
923,941,8,2,F,D,52,C,CP3,1,13,,,,,,,,,,,7/26/23,,
924,942,8,2,F,D,52,D,LVTR1,8,23,,,,,,,,,,,7/26/23,,
927,943,8,2,F,D,53,C,BH,4,8,,,,,,,,,,,7/26/23,,
928,944,8,2,F,D,53,D,DPR,3,13,,,,,,,,,,,7/26/23,,
931,945,8,2,F,D,54,C,NA,NA,NA,,,,,,,,,,,,,no hole/not planted
932,946,8,2,F,D,54,D,CP2,5,6,,,,,,,,,,,10/13/23,,
935,947,8,2,F,D,55,C,SC,4,8,V,,,,,,,,,,,,
936,948,8,2,F,D,55,D,CP2,3,6,,,,,,,,,,,10/20/23,,
939,949,8,2,F,D,56,C,YO7,6,4,V,,,,,,,,,,,,
940,950,8,2,F,D,56,D,CP3,4,1,,,,,,,,,,,9/20/23,,
943,951,8,2,F,D,57,C,FR,5,9,,,,,,,,,,,7/26/23,,
944,952,8,2,F,D,57,D,LV1,2,7,,,,,,,,,,,9/27/23,,
947,953,8,2,F,D,58,C,TM2,2,10,,,,,,,,,,,7/26/23,,
948,954,8,2,F,D,58,D,WL2,5,1,V,,,,,,,,,,,,
951,955,8,2,F,D,59,C,BH*,buffer,buffer,,,,,,,,,,,,,dead 7/19
952,956,8,2,F,D,59,D,LV1,3,15,,,,,,,,,,,10/13/23,,new location
955,957,8,2,F,D,60,C,NA,NA,NA,,,,,,,,,,,,,no hole/not planted
956,958,8,2,F,D,60,D,LVTR1*,8* buffer,29* buffer,,,,,,,,,,,,,
958,959,9,1,H,E,1,A,NA,NA,NA,,,,,,,,,,,,,no hole/not planted
961,960,9,1,H,E,1,B,NA,NA,NA,,,,,,,,,,,,,no hole/not planted
962,961,9,1,H,E,2,A,NA,NA,NA,,,,,,,,,,,,,no hole/not planted
965,962,9,1,H,E,2,B,NA,NA,NA,,,,,,,,,,,,,no hole/not planted
966,963,9,1,H,E,3,A,NA,,,,,,,,,,,,,,,
969,964,9,1,H,E,3,B,SQ3,4,2,,,,,,,,,,,7/26/23,,new location
970,965,9,1,H,E,4,A,NA,NA,NA,,,,,,,,,,,,,no hole/not planted
973,966,9,1,H,E,4,B,LV1,2,9,,,,,,,,,,,8/9/23,,new location
974,967,9,1,H,E,5,A,CP3,4,3,,,,,,,,,,,7/26/23,,
977,968,9,1,H,E,5,B,YO11,8,3,,,,,,,,,,,7/26/23,,
978,969,9,1,H,E,6,A,NA,NA,NA,,,,,,,,,,,,,no hole/not planted
981,970,9,1,H,E,6,B,YO11,6,3,,,,,,,,,,,9/13/23,,
982,971,9,1,H,E,7,A,YO4,1,2,V,,,,,,,,,,,,
985,972,9,1,H,E,7,B,SQ2,1,2,,,,,,,,,,,8/2/23,,
986,973,9,1,H,E,8,A,LVTR1,7,8,,,,,,,,,,,7/26/23,,
989,974,9,1,H,E,8,B,TM2,6,2,P,,,,,,,,,,,,
990,975,9,1,H,E,9,A,DPR,8,6,,,,,,,,,,,9/6/23,,
993,976,9,1,H,E,9,B,NA,NA,NA,,,,,,,,,,,,,no hole/not planted
994,977,9,1,H,E,10,A,WL1,3,5,,,,,,,,,,,7/26/23,,
997,978,9,1,H,E,10,B,CP3,1,2,,,,,,,,,,,8/2/23,,
998,979,9,1,H,E,11,A,FR,7,10,,,,,,,,,,,7/26/23,,
1001,980,9,1,H,E,11,B,DPR,4,2,V,,,,,,,,,,,,
1002,981,9,1,H,E,12,A,LV1,6,9,,,,,,,,,,,8/2/23,,
1005,982,9,1,H,E,12,B,LVTR1,5,1,,,,,,,,,,,10/13/23,,
1006,983,9,1,H,E,13,A,BH,7,10,,,,,,,,,,,8/2/23,,
1009,984,9,1,H,E,13,B,NA,NA,NA,,,,,,,,,,,,,no hole/not planted
1010,985,9,1,H,E,14,A,YO11,5,3,,,,,,,,,,,10/13/23,,
1013,986,9,1,H,E,14,B,SQ1,14,8,,,,,,,,,,,7/26/23,,
1014,987,9,1,H,E,15,A,SC,6,10,,,,,,,,,,,8/2/23,,
1017,988,9,1,H,E,15,B,YO7,7,6,,,,,,,,,,,8/16/23,,
1018,989,9,1,H,E,16,A,TM2,3,2,,,,,,,,,,,8/9/23,,
1021,990,9,1,H,E,16,B,YO8,5,10,,,,,,,,,,,7/26/23,,
1022,991,9,1,H,E,17,A,YO11,5,16,,,,,,,,,,,7/26/23,,
1025,992,9,1,H,E,17,B,WL2,7,3,,,,,,,,,,,9/27/23,,
1026,993,9,1,H,E,18,A,LVTR1,8,11,,,,,,,,,,,7/26/23,,
1029,994,9,1,H,E,18,B,BH,6,10,V,,,,,,,,,,,,
1030,995,9,1,H,E,19,A,LV1,5,9,,,,,,,,,,,9/27/23,,
1033,996,9,1,H,E,19,B,CP3,6,3,,,,,,,,,,,7/26/23,,
1034,997,9,1,H,E,20,A,WR,2,20,,,,,,,,,,,7/26/23,,
1037,998,9,1,H,E,20,B,SQ1,14,5,V,,,,,,,,,,,,
1038,999,9,1,H,E,21,A,CC,5,10,V,,,,,,,,,,,,
1041,1000,9,1,H,E,21,B,CP2,1,8,,,,,,,,,,,9/27/23,,
1042,1001,9,1,H,E,22,A,IH,2,10,V,,,,,,,,,,,,
1045,1002,9,1,H,E,22,B,LV1,4,9,,,,,,,,,,,8/2/23,,
1046,1003,9,1,H,E,23,A,SQ2,8,3,V,,,,,,,,,,,,
1049,1004,9,1,H,E,23,B,WR,3,2,V,,,,,,,,,,,,
1050,1005,9,1,H,E,24,A,CP3,7,12,,,,,,,,,,,9/20/23,,
1053,1006,9,1,H,E,24,B,WL2,8,3,,,,,,,,,,,7/26/23,,
1054,1007,9,1,H,E,25,A,YO7,6,6,V,,,,,,,,,,,,
1057,1008,9,1,H,E,25,B,TM2,1,15,P,,,,,,,,,,,,
1058,1009,9,1,H,E,26,A,SQ2,11,2,,,,,,,,,,,9/27/23,,
1061,1010,9,1,H,E,26,B,IH,7,10,,,,,,,,,,,8/2/23,,
1062,1011,9,1,H,E,27,A,FR,4,9,,,,,,,,,,,7/26/23,,
1065,1012,9,1,H,E,27,B,YO11,1,3,,,,,,,,,,,8/9/23,,
1066,1013,9,1,H,E,28,A,WL2,2,3,V,,,,,,,,,,,,
1069,1014,9,1,H,E,28,B,CC,9,10,V,,,,,,,,,,,,
1070,1015,9,1,H,E,29,A,TM2,1,9,P,,,,,,,,,,,,
1073,1016,9,1,H,E,29,B,YO8,3,6,,,,,,,,,,,7/26/23,,
1074,1017,9,1,H,E,30,A,NA,NA,NA,,,,,,,,,,,,,no hole/not planted
1077,1018,9,1,H,E,30,B,NA,NA,NA,,,,,,,,,,,,tree; skip 10 rows,no hole/not planted
1078,1019,9,1,H,E,41,A,FR,3,8,,,,,,,,,,,9/13/23,,
1081,1020,9,1,H,E,41,B,WL1,7,12,,,,,,,,,,,10/13/23,,
1082,1021,9,1,H,E,42,A,CP2,7,2,,,,,,,,,,,8/23/23,,
1085,1022,9,1,H,E,42,B,CP3,3,3,,,,,,,,,,,8/2/23,,
1086,1023,9,1,H,E,43,A,YO7,5,14,V,,,,,,,,,,,,
1089,1024,9,1,H,E,43,B,DPR,6,17,V,,,,,,,,,,,,
1090,1025,9,1,H,E,44,A,YO4,9,1,,,,,,,,,,,10/20/23,,
1093,1026,9,1,H,E,44,B,SC,4,10,V,,,,,,,,,,,,
1094,1027,9,1,H,E,45,A,WL2,5,3,,,,,,,,,,,10/20/23,,new location
1097,1028,9,1,H,E,45,B,SQ1,2,12,,,,,,,,,,,7/26/23,,new location
1098,1029,9,1,I,E,46,A,YO7,7,7,V,,,,,,,,,,,,
1101,1030,9,1,I,E,46,B,IH,3,11,V,,,,,,,,,,,,
1102,1031,9,1,I,E,47,A,BH,4,11,V,,,,,,,,,,,,
1105,1032,9,1,I,E,47,B,BH,6,11,V,,,,,,,,,,,,
1106,1033,9,1,I,E,48,A,SC,5,11,V,,,,,,,,,,,,
1109,1034,9,1,I,E,48,B,CC,2,11,V,,,,,,,,,,,,
1110,1035,9,1,I,E,49,A,YO7,4,3,V,,,,,,,,,,,,
1113,1036,9,1,I,E,49,B,TM2,6,4,V,,,,,,,,,,,,
1114,1037,9,1,I,E,50,A,FR,6,10,,,,,,,,,,,7/26/23,,
1117,1038,9,1,I,E,50,B,IH,6,11,,,,,,,,,,,8/2/23,,
1118,1039,9,1,I,E,51,A,LV1,8,10,,,,,,,,,,,7/26/23,,
1121,1040,9,1,,E,51,B,IH,1,11,,,,,,,,,,,7/26/23,,
1122,1041,9,1,I,E,52,A,WL2*,7* buffer,14* buffer,,,,,,,,,,,,,
1125,1042,9,1,I,E,52,B,WL2*,8* buffer,16* buffer,,,,,,,,,,,,,
1126,1043,9,1,I,E,53,A,NA,NA,NA,,,,,,,,,,,,,no hole/not planted
1129,1044,9,1,I,E,53,B,NA,NA,NA,,,,,,,,,,,,,no hole/not planted
959,1045,10,2,H,E,1,C,NA,NA,NA,,,,,,,,,,,,,no hole/not planted
960,1046,10,2,H,E,1,D,NA,NA,NA,,,,,,,,,,,,,no hole/not planted
963,1047,10,2,H,E,2,C,NA,NA,NA,,,,,,,,,,,,,no hole/not planted
964,1048,10,2,H,E,2,D,TM2,7,2,,,,,,,,,,,7/26/23,,new location
967,1049,10,2,H,E,3,C,NA,NA,NA,,,,,,,,,,,,,no hole/not planted
968,1050,10,2,H,E,3,D,NA,NA,NA,,,,,,,,,,,,,no hole/not planted
971,1051,10,2,H,E,4,C,YO11,3,12,,,,,,,,,,,8/9/23,,new location
972,1052,10,2,H,E,4,D,LVTR1,7,14,,,,,,,,,,,7/26/23,,new location
975,1053,10,2,H,E,5,C,BH,5,10,V,,,,,,,,,,,,
976,1054,10,2,H,E,5,D,IH,3,10,V,,,,,,,,,,,,
979,1055,10,2,H,E,6,C,SC,8,10,V,,,,,,,,,,,,
980,1056,10,2,H,E,6,D,SQ2,6,20,,,,,,,,,,,7/26/23,,
983,1057,10,2,H,E,7,C,TM2,2,7,,,,,,,,,,,7/26/23,,
984,1058,10,2,H,E,7,D,YO8,1,6,,,,,,,,,,,7/26/23,,
987,1059,10,2,H,E,8,C,WL1,4,12,,,,,,,,,,,7/26/23,,
988,1060,10,2,H,E,8,D,CC,4,10,,,,,,,,,,,7/26/23,,
991,1061,10,2,H,E,9,C,LVTR1,6,8,,,,,,,,,,,7/26/23,,
992,1062,10,2,H,E,9,D,CP2,3,8,,,,,,,,,,,7/26/23,,
995,1063,10,2,H,E,10,C,CC,2,10,V,,,,,,,,,,,,
996,1064,10,2,H,E,10,D,LV3,7,6,,,,,,,,,,,7/26/23,,
999,1065,10,2,H,E,11,C,CP2,5,8,,,,,,,,,,,8/2/23,,
1000,1066,10,2,H,E,11,D,LV1,3,9,,,,,,,,,,,7/26/23,,
1003,1067,10,2,H,E,12,C,SC,2,10,,,,,,,,,,,8/2/23,,
1004,1068,10,2,H,E,12,D,YO8,4,4,,,,,,,,,,,7/26/23,,
1007,1069,10,2,H,E,13,C,SQ2,6,3,,,,,,,,,,,7/26/23,,
1008,1070,10,2,H,E,13,D,SC,2,20,,,,,,,,,,,7/26/23,,
1011,1071,10,2,H,E,14,C,DPR,6,9,,,,,,,,,,,7/26/23,,
1012,1072,10,2,H,E,14,D,CP3,2,2,,,,,,,,,,,7/26/23,,
1015,1073,10,2,H,E,15,C,WL2,3,3,,,,,,,,,,,8/23/23,,
1016,1074,10,2,H,E,15,D,NA,NA,NA,,,,,,,,,,,,,no hole/not planted
1019,1075,10,2,H,E,16,C,YO11,7,3,,,,,,,,,,,8/9/23,,
1020,1076,10,2,H,E,16,D,NA,NA,NA,,,,,,,,,,,,,no hole/not planted
1023,1077,10,2,H,E,17,C,LVTR1,3,4,,,,,,,,,,,8/2/23,,
1024,1078,10,2,H,E,17,D,DPR,1,2,V,,,,,,,,,,,,
1027,1079,10,2,H,E,18,C,CP2,4,8,,,,,,,,,,,7/26/23,,
1028,1080,10,2,H,E,18,D,YO7,2,13,,,,,,,,,,,7/26/23,,
1031,1081,10,2,H,E,19,C,CC,1,10,,,,,,,,,,,7/26/23,,
1032,1082,10,2,H,E,19,D,SC,5,10,,,,,,,,,,,7/26/23,,
1035,1083,10,2,H,E,20,C,CP2,6,1,,,,,,,,,,,7/26/23,,
1036,1084,10,2,H,E,20,D,BH,2,10,V,,,,,,,,,,,,
1039,1085,10,2,H,E,21,C,YO7,5,5,V,,,,,,,,,,,,
1040,1086,10,2,H,E,21,D,BH,3,10,,,,,,,,,,,7/26/23,,
1043,1087,10,2,H,E,22,C,CC,8,10,,,,,,,,,,,8/23/23,,
1044,1088,10,2,H,E,22,D,YO8,6,10,,,,,,,,,,,10/13/23,,
1047,1089,10,2,H,E,23,C,BH,1,10,V,,,,,,,,,,,,
1048,1090,10,2,H,E,23,D,IH,5,10,V,,,,,,,,,,,,
1051,1091,10,2,H,E,24,C,WL2,6,3,,,,,,,,,,,7/26/23,,
1052,1092,10,2,H,E,24,D,YO8,8,10,,,,,,,,,,,7/26/23,,
1055,1093,10,2,H,E,25,C,CP3,5,3,,,,,,,,,,,7/26/23,,
1056,1094,10,2,H,E,25,D,SC,6,14,,,,,,,,,,,7/26/23,,
1059,1095,10,2,H,E,26,C,CP2,2,8,,,,,,,,,,,7/26/23,,
1060,1096,10,2,H,E,26,D,IH,6,10,V,,,,,,,,,,,,
1063,1097,10,2,H,E,27,C,BH,4,10,V,,,,,,,,,,,,
1064,1098,10,2,H,E,27,D,LV1,8,9,V,,,,,,,,,,,,
1067,1099,10,2,H,E,28,C,SQ3,1,5,,,,,,,,,,,8/9/23,,
1068,1100,10,2,H,E,28,D,YO7,4,10,,,,,,,,,,,8/2/23,,
1071,1101,10,2,H,E,29,C,YO7,7,25,,,,,,,,,,,7/26/23,,
1072,1102,10,2,H,E,29,D,IH,4,10,V,,,,,,,,,,,,
1075,1103,10,2,H,E,30,C,NA,NA,NA,,,,,,,,,,,,,no hole/not planted
1076,1104,10,2,H,E,30,D,NA,NA,NA,,,,,,,,,,,,,Tree for 10 rows
1079,1105,10,2,H,E,41,C,WL2,1,3,V,,,,,,,,,,,,
1080,1106,10,2,H,E,41,D,LV3,5,6,,,,,,,,,,,10/13/23,,
1083,1107,10,2,H,E,42,C,YO8,2,6,,,,,,,,,,,10/13/23,,
1084,1108,10,2,H,E,42,D,CC,3,10,V,,,,,,,,,,,,
1087,1109,10,2,H,E,43,C,YO4,2,11,V,,,,,,,,,,,,
1088,1110,10,2,H,E,43,D,IH,1,10,V,,,,,,,,,,,,
1091,1111,10,2,H,E,44,C,LVTR1,2,8,V,,,,,,,,,,,,
1092,1112,10,2,H,E,44,D,LV1,1,9,,,,,,,,,,,10/20/23,,
1095,1113,10,2,H,E,45,C,DPR,3,2,V,,,,,,,,,,,,
1096,1114,10,2,H,E,45,D,DPR,3,14,V,,,,,,,,,,,,new location
1099,1115,10,2,I,E,46,C,YO8,2,7,,,,,,,,,,,8/23/23,,new location
1100,1116,10,2,I,E,46,D,SQ3,2,6,,,,,,,,,,,7/26/23,,
1103,1117,10,2,I,E,47,C,YO11,4,6,,,,,,,,,,,8/2/23,,
1104,1118,10,2,I,E,47,D,SC,4,11,V,,,,,,,,,,,,
1107,1119,10,2,I,E,48,C,SQ1,2,10,,,,,,,,,,,7/26/23,,
1108,1120,10,2,I,E,48,D,TM2,1,10,,,,,,,,,,,9/6/23,,
1111,1121,10,2,I,E,49,C,DPR,8,15,,,,,,,,,,,8/2/23,,
1112,1122,10,2,I,E,49,D,CC,4,11,V,,,,,,,,,,,,
1115,1123,10,2,I,E,50,C,CP2,7,3,,,,,,,,,,,10/13/23,,
1116,1124,10,2,I,E,50,D,IH,5,11,V,,,,,,,,,,,,
1119,1125,10,2,I,E,51,C,LVTR1,6,9,,,,,,,,,,,7/26/23,,
1120,1126,10,2,I,E,51,D,BH,1,11,,,,,,,,,,,7/26/23,,
1123,1127,10,2,I,E,52,C,YO8*,6* buffer,16* buffer,,,,,,,,,,,,,
1124,1128,10,2,I,E,52,D,SC*,2* buffer,29* buffer,,,,,,,,,,,,,
1127,1129,10,2,I,E,53,C,NA,NA,NA,,,,,,,,,,,,,
1128,1130,10,2,I,E,53,D,NA,NA,NA,,,,,,,,,,,,,no hole/not planted
1130,1131,11,1,J,F,1,A,NA,NA,NA,,,,,,,,,,,,,no hole/not planted
1133,1132,11,1,J,F,1,B,WL1*,buffer,buffer,,,,,,,,,,,,,
1134,1133,11,1,J,F,2,A,LV1,8,11,,,,,,,,,,,8/9/23,,
1137,1134,11,1,J,F,2,B,TM2,1,11,B,,,,,,,,,,,,
1138,1135,11,1,J,F,3,A,SC,7,6,V,,,,,,,,,,,,
1141,1136,11,1,J,F,3,B,CC,1,12,V,,,,,,,,,,,,
1142,1137,11,1,J,F,4,A,CC,2,12,V,,,,,,,,,,,,
1145,1138,11,1,J,F,4,B,NA,NA,NA,,,,,,,,,,,,,no hole/not planted
1146,1139,11,1,J,F,5,A,FR,4,11,,,,,,,,,,,8/30/23,,
1149,1140,11,1,J,F,5,B,DPR,4,4,,,,,,,,,,,9/13/23,,
1150,1141,11,1,J,F,6,A,YO8,1,8,,,,,,,,,,,8/9/23,,
1153,1142,11,1,J,F,6,B,WL2,8,5,V,,,,,,,,,,,,
1154,1143,11,1,J,F,7,A,CP2,6,7,,,,,,,,,,,9/20/23,,
1157,1144,11,1,J,F,7,B,IH,1,12,V,,,,,,,,,,,,
1158,1145,11,1,J,F,8,A,DPR,1,4,V,,,,,,,,,,,,
1161,1146,11,1,J,F,8,B,YO7,1,11,,,,,,,,,,,8/9/23,,
1162,1147,11,1,J,F,9,A,WL1,9,10,,,,,,,,,,,9/6/23,,
1165,1148,11,1,J,F,9,B,CP3,2,3,,,,,,,,,,,9/20/23,,
1166,1149,11,1,I,F,10,A,YO11,6,5,,,,,,,,,,,9/6/23,,new location
1169,1150,11,1,I,F,10,B,FR,6,8,,,,,,,,,,,10/20/23,,new location
1170,1151,11,1,I,F,11,A,WL1,7,13,,,,,,,,,,,9/27/23,,new location
1173,1152,11,1,I,F,11,B,LV1,1,10,,,,,,,,,,,8/2/23,,
1174,1153,11,1,I,F,12,A,WL2,2,4,V,,,,,,,,,,,,
1177,1154,11,1,I,F,12,B,BH,5,11,,,,,,,,,,,8/9/23,,
1178,1155,11,1,I,F,13,A,TM2,5,13,,,,,,,,,,,7/26/23,,
1181,1156,11,1,I,F,13,B,CP2,1,9,,,,,,,,,,,8/23/23,,
1182,1157,11,1,I,F,14,A,FR,4,10,,,,,,,,,,,7/26/23,,
1185,1158,11,1,I,F,14,B,CP2,4,9,,,,,,,,,,,9/20/23,,
1186,1159,11,1,I,F,15,A,DPR,5,4,V,,,,,,,,,,,,
1189,1160,11,1,I,F,15,B,YO4,4,3,,,,,,,,,,,10/13/23,,
1190,1161,11,1,I,F,16,A,SQ1,5,9,,,,,,,,,,,7/26/23,,
1193,1162,11,1,[,F,16,B,FR,3,10,,,,,,,,,,,7/26/23,,
1194,1163,11,1,I,F,17,A,CP3,3,4,,,,,,,,,,,7/26/23,,
1197,1164,11,1,I,F,17,B,LVTR1,7,10,,,,,,,,,,,7/26/23,,
1198,1165,11,1,I,F,18,A,DPR,3,3,V,,,,,,,,,,,,
1201,1166,11,1,I,F,18,B,YO7,5,6,V,,,,,,,,,,,,
1202,1167,11,1,I,F,19,A,SC,6,11,,,,,,,,,,,10/13/23,,
1205,1168,11,1,I,F,19,B,SQ2,8,4,,,,,,,,,,,7/26/23,no tag,
1206,1169,11,1,I,F,20,A,DPR,1,3,V,,,,,,,,,,,,
1209,1170,11,1,I,F,20,B,WL1,9,4,V,,,,,,,,,,,,
1210,1171,11,1,I,F,21,A,SC,2,14,V,,,,,,,,,,,,
1213,1172,11,1,I,F,21,B,YO8,8,11,,,,,,,,,,,8/2/23,,
1214,1173,11,1,I,F,22,A,YO11,5,4,,,,,,,,,,,8/9/23,,
1217,1174,11,1,I,F,22,B,CP2,2,9,,,,,,,,,,,8/9/23,,
1218,1175,11,1,I,F,23,A,DPR,4,3,,,,,,,,,,,8/9/23,,
1221,1176,11,1,I,F,23,B,BH,3,11,V,,,,,,,,,,,,
1222,1177,11,1,I,F,24,A,TM2,2,4,P,,,,,,,,,,,,
1225,1178,11,1,I,F,24,B,LVTR1,5,7,,,,,,,,,,,7/26/23,,
1226,1179,11,1,I,F,25,A,YO11,7,4,,,,,,,,,,,8/9/23,,
1229,1180,11,1,I,F,25,B,YO8,6,11,,,,,,,,,,,7/26/23,,
1230,1181,11,1,I,F,26,A,WL2,8,4,V,,,,,,,,,,,,
1233,1182,11,1,I,F,26,B,IH,7,11,V,,,,,,,,,,,,
1234,1183,11,1,I,F,27,A,LVTR1,4,6,,,,,,,,,,,9/20/23,,
1237,1184,11,1,I,F,27,B,LV1,6,10,,,,,,,,,,,8/2/23,,
1238,1185,11,1,I,F,38,A,NA,NA,NA,,,,,,,,,,,,,Tree; skip 10 rows
1241,1186,11,1,I,F,38,B,LV1*,3* buffer,16* buffer,,,,,,,,,,,,,
1242,1187,11,1,I,F,39,A,SQ2,2,6,V,,,,,,,,,,,,
1245,1188,11,1,I,F,39,B,YO11,6,4,,,,,,,,,,,8/30/23,,
1246,1189,11,1,I,F,40,A,LVTR1,8,16,,,,,,,,,,,9/13/23,,
1249,1190,11,1,I,F,40,B,NA,NA,NA,,,,,,,,,,,,,no hole/not planted
1250,1191,11,1,I,F,41,A,CP3,6,4,,,,,,,,,,,9/20/23,,
1253,1192,11,1,I,F,41,B,CC,1,11,,,,,,,,,,,7/26/23,,
1254,1193,11,1,I,F,42,A,WL2,5,4,V,,,,,,,,,,,,
1257,1194,11,1,I,F,42,B,CC,3,11,V,,,,,,,,,,,,
1258,1195,11,1,I,F,43,A,CC,5,11,,,,,,,,,,,8/2/23,,
1261,1196,11,1,I,F,43,B,CC,8,11,V,,,,,,,,,,,,
1262,1197,11,1,I,F,44,A,CP2,5,9,,,,,,,,,,,9/20/23,,
1265,1198,11,1,I,F,44,B,TM2,7,21,V,,,,,,,,,,,,
1266,1199,11,1,I,F,45,A,WL1,2,12,,,,,,,,,,,8/9/23,,
1269,1200,11,1,I,F,45,B,YO7,6,7,,,,,,,,,,,8/9/23,,
1270,1201,11,1,I,F,46,A,BH*,buffer,buffer,,,,,,,,,,,,,
1273,1202,11,1,I,F,46,B,YO8*,2* buffer,15* buffer,,,,,,,,,,,,,
1274,1203,11,1,I,F,47,A,NA,NA,NA,,,,,,,,,,,,,no hole/not planted
1277,1204,11,1,I,F,47,B,NA,NA,NA,,,,,,,,,,,,,no hole/not planted
1131,1205,12,2,J,F,1,C,YO11*,8* buffer,18* buffer,,,,,,,,,,,,,end of bed
1132,1206,12,2,J,F,1,D,SC*,2* buffer,28* buffer,,,,,,,,,,,,,
1135,1207,12,2,J,F,2,C,IH,7,12,V,,,,,,,,,,,,
1136,1208,12,2,J,F,2,D,YO11,8,14,,,,,,,,,,,7/26/23,,
1139,1209,12,2,J,F,3,C,WL1,7,18,X,,,,,,,,,,,,
1140,1210,12,2,J,F,3,D,WR,2,11,,,,,,,,,,,8/16/23,,
1143,1211,12,2,J,F,4,C,TM2,7,4,V,,,,,,,,,,,,
1144,1212,12,2,J,F,4,D,YO11,4,1,X,,,,,,,,,,,,
1147,1213,12,2,J,F,5,C,NA,NA,NA,,,,,,,,,,,,,no hole/not planted
1148,1214,12,2,J,F,5,D,WL1,7,1,V,,,,,,,,,,,,
1151,1215,12,2,J,F,6,C,DPR,8,18,,,,,,,,,,,8/9/23,,
1152,1216,12,2,J,F,6,D,LV1,1,11,,,,,,,,,,,7/26/23,,
1155,1217,12,2,J,F,7,C,CP3,3,5,,,,,,,,,,,8/30/23,,
1156,1218,12,2,J,F,7,D,CP2,7,4,,,,,,,,,,,8/9/23,,
1159,1219,12,2,J,F,8,C,SC,6,12,V,,,,,,,,,,,,
1160,1220,12,2,J,F,8,D,TM2,7,15,,,,,,,,,,,7/26/23,,
1163,1221,12,2,J,F,9,C,LVTR1,6,14,,,,,,,,,,,8/9/23,,
1164,1222,12,2,J,F,9,D,YO8,8,12,,,,,,,,,,,7/26/23,,
1167,1223,12,2,I,F,10,C,NA,NA,NA,,,,,,,,,,,,,no hole/not planted
1168,1224,12,2,I,F,10,D,WR,2,18,X,,,,,,,,,,,,new location
1171,1225,12,2,I,F,11,C,SQ2,6,4,,,,,,,,,,,9/27/23,,
1172,1226,12,2,I,F,11,D,YO11,5,17,X,,,,,,,,,,,,
1175,1227,12,2,I,F,12,C,CP2,6,12,,,,,,,,,,,7/26/23,,
1176,1228,12,2,I,F,12,D,YO11,1,4,X,,,,,,,,,,,,
1179,1229,12,2,I,F,13,C,CP3,1,14,,,,,,,,,,,7/26/23,,
1180,1230,12,2,I,F,13,D,SC,8,11,,,,,,,,,,,8/9/23,,
1183,1231,12,2,I,F,14,C,SQ3,3,13,,,,,,,,,,,9/27/23,,
1184,1232,12,2,I,F,14,D,CP3,7,2,,,,,,,,,,,7/26/23,,
1187,1233,12,2,I,F,15,C,WL2,1,4,X,,,,,,,,,,,,
1188,1234,12,2,I,F,15,D,CP3,5,4,,,,,,,,,,,8/9/23,,
1191,1235,12,2,I,F,16,C,YO8,3,7,,,,,,,,,,,7/26/23,,
1192,1236,12,2,I,F,16,D,NA,NA,NA,,,,,,,,,,,,,no hole/not planted
1195,1237,12,2,I,F,17,C,TM2,7,3,,,,,,,,,,,8/9/23,,
1196,1238,12,2,I,F,17,D,NA,NA,NA,,,,,,,,,,,,,no hole/not planted
1199,1239,12,2,I,F,18,C,BH,7,11,V,,,,,,,,,,,not dead,
1200,1240,12,2,I,F,18,D,LV1,3,10,,,,,,,,,,,9/20/23,,
1203,1241,12,2,I,F,19,C,YO8,5,11,,,,,,,,,,,8/9/23,,
1204,1242,12,2,I,F,19,D,WL2,7,4,V,,,,,,,,,,,,
1207,1243,12,2,I,F,20,C,DPR,6,10,,,,,,,,,,,7/26/23,,
1208,1244,12,2,I,F,20,D,LVTR1,2,9,,,,,,,,,,,7/26/23,,
1211,1245,12,2,I,F,21,C,IH,2,11,,,,,,,,,,,8/9/23,,
1212,1246,12,2,I,F,21,D,FR,7,11,V,,,,,,,,,,,,
1215,1247,12,2,I,F,22,C,YO11,8,4,,,,,,,,,,,7/26/23,,
1216,1248,12,2,I,F,22,D,DPR,8,7,,,,,,,,,,,7/26/23,,
1219,1249,12,2,I,F,23,C,SC,2,23,V,,,,,,,,,,,,
1220,1250,12,2,I,F,23,D,LV1,2,10,,,,,,,,,,,7/26/23,,
1223,1251,12,2,I,F,24,C,YO8,1,7,,,,,,,,,,,8/2/23,,
1224,1252,12,2,I,F,24,D,WL2,3,4,,,,,,,,,,,8/9/23,,
1227,1253,12,2,I,F,25,C,CP2,3,9,,,,,,,,,,,8/2/23,7/26: no leaves remaining,
1228,1254,12,2,I,F,25,D,YO7,4,13,,,,,,,,,,,8/2/23,,
1231,1255,12,2,I,F,26,C,TM2,4,5,,,,,,,,,,,8/9/23,,
1232,1256,12,2,I,F,26,D,SC,2,11,,,,,,,,,,,7/26/23,,
1235,1257,12,2,I,F,27,C,YO4,3,13,,,,,,,,,,,8/2/23,,
1236,1258,12,2,I,F,27,D,YO4,2,12,,,,,,,,,,,7/26/23,,
1239,1259,12,2,I,F,38,C,NA,NA,NA,,,,,,,,,,,,,no hole/not planted
1240,1260,12,2,I,F,38,D,DPR*,6* buffer,22* buffer,,,,,,,,,,,,,
1243,1261,12,2,I,F,39,C,SQ2,4,12,,,,,,,,,,,8/9/23,,
1244,1262,12,2,I,F,39,D,LV1,4,10,,,,,,,,,,,7/26/23,,
1247,1263,12,2,I,F,40,C,LV3,7,2,,,,,,,,,,,7/26/23,,
1248,1264,12,2,I,F,40,D,YO7,2,12,,,,,,,,,,,7/26/23,,
1251,1265,12,2,I,F,41,C,WL2,6,4,V,,,,,,,,,,,,
1252,1266,12,2,I,F,41,D,YO7,6,18,,,,,,,,,,,7/26/23,,
1255,1267,12,2,I,F,42,C,CP3,4,4,,,,,,,,,,,9/20/23,,
1256,1268,12,2,I,F,42,D,CP3,1,3,,,,,,,,,,,7/26/23,,
1259,1269,12,2,I,F,43,C,CC,9,11,X,,,,,,,,,,,,
1260,1270,12,2,I,F,43,D,YO8,4,11,,,,,,,,,,,7/26/23,,
1263,1271,12,2,I,F,44,C,IH,4,11,V,,,,,,,,,,,,
1264,1272,12,2,I,F,44,D,LV1,5,10,,,,,,,,,,,7/26/23,,
1267,1273,12,2,I,F,45,C,BH,2,11,V,,,,,,,,,,,,
1268,1274,12,2,I,F,45,D,LVTR1,8,12,,,,,,,,,,,7/26/23,,
1271,1275,12,2,I,F,46,C,LV3,5,7,X,,,,,,,,,,,,new location
1272,1276,12,2,I,F,46,D,NA,NA,NA,,,,,,,,,,,,,no hole/not planted
1275,1277,12,2,I,F,47,C,YO8*,8* buffer,16* buffer,,,,,,,,,,,,,
1276,1278,12,2,I,F,47,D,YO8*,6* buffer,15* buffer,,,,,,,,,,,,,
1278,1279,13,1,J,G,1,A,NA,NA,NA,,,,,,,,,,,,,no hole/not planted
1281,1280,13,1,J,G,1,B,NA,NA,NA,,,,,,,,,,,,,no hole/not planted
1282,1281,13,1,J,G,2,A,TM2*,buffer,buffer,,,,,,,,,,,,,
1285,1282,13,1,J,G,2,B,TM2*,buffer,buffer,,,,,,,,,,,,,
1286,1283,13,1,J,G,3,A,YO7,6,8,V,,,,,,,,,,,,
1289,1284,13,1,J,G,3,B,TM2,3,1,V,,,,,,,,,,,,
1290,1285,13,1,J,G,4,A,YO11,5,5,,,,,,,,,,,9/20/23,,
1293,1286,13,1,J,G,4,B,YO11,7,5,,,,,,,,,,,8/30/23,,
1294,1287,13,1,J,G,5,A,IH,3,12,,,,,,,,,,,8/30/23,,
1297,1288,13,1,J,G,5,B,IH,4,12,V,,,,,,,,,,,,
1298,1289,13,1,J,G,6,A,WL2,1,5,,,,,,,,,,,9/13/23,,
1301,1290,13,1,J,G,6,B,YO4,2,13,V,,,,,,,,,,,,
1302,1291,13,1,J,G,7,A,LVTR1,2,10,V,,,,,,,,,,,,
1305,1292,13,1,J,G,7,B,YO4,5,2,,,,,,,,,,,7/26/23,,
1306,1293,13,1,J,G,8,A,YO7,6,15,V,,,,,,,,,,,,
1309,1294,13,1,J,G,8,B,SC,2,24,,,,,,,,,,,7/26/23,,
1310,1295,13,1,J,G,9,A,BH,1,12,V,,,,,,,,,,,,
1313,1296,13,1,J,G,9,B,YO8,3,8,,,,,,,,,,,8/30/23,,
1314,1297,13,1,J,G,10,A,SC,8,12,V,,,,,,,,,,,,
1317,1298,13,1,J,G,10,B,CP2,4,10,X,,,,,,,,,,,,
1318,1299,13,1,J,G,11,A,IH,5,12,V,,,,,,,,,,,,
1321,1300,13,1,J,G,11,B,LV3,3,4,,,,,,,,,,,9/20/23,,
1322,1301,13,1,J,G,12,A,CC,3,12,V,,,,,,,,,,,,
1325,1302,13,1,J,G,12,B,LV1,5,11,,,,,,,,,,,8/2/23,,
1326,1303,13,1,J,G,13,A,YO7,4,7,,,,,,,,,,,8/2/23,,
1329,1304,13,1,J,G,13,B,CP3,7,4,,,,,,,,,,,8/9/23,,
1330,1305,13,1,J,G,14,A,DPR,3,4,V,,,,,,,,,,,,
1333,1306,13,1,J,G,14,B,YO11,1,5,,,,,,,,,,,8/9/23,,
1334,1307,13,1,J,G,15,A,BH,3,12,V,,,,,,,,,,,,
1337,1308,13,1,J,G,15,B,YO8,5,12,,,,,,,,,,,9/6/23,,
1338,1309,13,1,J,G,16,A,CP2,5,10,,,,,,,,,,,10/20/23,,
1341,1310,13,1,J,G,16,B,LVTR1,5,10,,,,,,,,,,,8/9/23,,
1342,1311,13,1,J,G,17,A,CC,9,12,V,,,,,,,,,,,,
1345,1312,13,1,J,G,17,B,WL2,3,5,V,,,,,,,,,,,,
1346,1313,13,1,J,G,18,A,LV1,4,11,,,,,,,,,,,8/2/23,,
1349,1314,13,1,J,G,18,B,BH,7,12,,,,,,,,,,,9/13/23,,
1350,1315,13,1,J,G,19,A,YO7,5,18,V,,,,,,,,,,,,
1353,1316,13,1,J,G,19,B,LVTR1,7,11,,,,,,,,,,,7/26/23,,
1354,1317,13,1,J,G,20,A,SQ2,4,11,,,,,,,,,,,8/9/23,,
1357,1318,13,1,J,G,20,B,YO8,6,12,,,,,,,,,,,8/9/23,,
1358,1319,13,1,J,G,21,A,SQ2,8,5,,,,,,,,,,,10/20/23,,
1361,1320,13,1,J,G,21,B,LVTR1,4,7,,,,,,,,,,,8/2/23,,
1362,1321,13,1,J,G,22,A,FR,7,12,,,,,,,,,,,8/2/23,,
1365,1322,13,1,J,G,22,B,YO7,7,8,,,,,,,,,,,8/16/23,,
1366,1323,13,1,J,G,23,A,FR,3,2,,,,,,,,,,,9/6/23,,
1369,1324,13,1,J,G,23,B,LV3,5,8,V,,,,,,,,,,,,
1370,1325,13,1,J,G,24,A,CP2,3,10,,,,,,,,,,,8/16/23,,
1373,1326,13,1,J,G,24,B,SC,5,12,,,,,,,,,,,8/16/23,,
1374,1327,13,1,J,G,25,A,DPR,8,8,,,,,,,,,,,8/9/23,,new location
1377,1328,13,1,J,G,25,B,BH,2,12,V,,,,,,,,,,,,
1378,1329,13,1,J,G,26,A,CP3*,5* buffer,17* buffer,,,,,,,,,,,,,
1381,1330,13,1,J,G,26,B,YO8*,8* buffer,15* buffer,,,,,,,,,,,,,
1382,1331,13,1,K,G,27,A,DPR,4,5,,,,,,,,,,,8/2/23,,
1385,1332,13,1,K,G,27,B,FR,7,13,,,,,,,,,,,7/26/23,,
1386,1333,13,1,K,G,28,A,SQ3,2,1,,,,,,,,,,,8/2/23,,
1389,1334,13,1,K,G,28,B,TM2,2,3,V,,,,,,,,,,,,
1390,1335,13,1,K,G,29,A,YO4,1,12,,,,,,,,,,,8/2/23,,
1393,1336,13,1,K,G,29,B,SQ3,6,4,,,,,,,,,,,8/9/23,,
1394,1337,13,1,K,G,30,A,CC,8,13,,,,,,,,,,,8/9/23,,
1397,1338,13,1,K,G,30,B,CP3,5,6,V,,,,,,,,,,,,
1398,1339,13,1,K,G,31,A,BH,7,13,V,,,,,,,,,,,,
1401,1340,13,1,K,G,31,B,SC,5,13,,,,,,,,,,,8/2/23,,
1402,1341,13,1,K,G,32,A,CP3,2,8,V,,,,,,,,,,,,
1405,1342,13,1,K,G,32,B,YO11,5,6,,,,,,,,,,,8/9/23,,
1406,1343,13,1,K,G,33,A,YO8,3,9,,,,,,,,,,,8/16/23,,
1409,1344,13,1,K,G,33,B,WR,2,15,,,,,,,,,,,7/26/23,,
1410,1345,13,1,K,G,34,A,WL2,3,6,V,,,,,,,,,,,,
1413,1346,13,1,K,G,34,B,LV1,1,12,V,,,,,,,,,,,,
1414,1347,13,1,K,G,35,A,CC,4,13,V,,,,,,,,,,,,
1417,1348,13,1,K,G,35,B,CP2,3,11,V,,,,,,,,,,,,
1418,1349,13,1,K,G,36,A,CP3,7,11,,,,,,,,,,,8/9/23,,
1421,1350,13,1,K,G,36,B,CP3,4,6,V,,,,,,,,,,,,
1422,1351,13,1,K,G,37,A,YO7,7,9,V,,,,,,,,,,,,
1425,1352,13,1,K,G,37,B,BH,1,13,V,,,,,,,,,,,,
1426,1353,13,1,K,G,38,A,LVTR1,2,11,,,,,,,,,,,9/20/23,,
1429,1354,13,1,K,G,38,B,DPR,6,12,V,,,,,,,,,,,,
1430,1355,13,1,K,G,39,A,TM2,7,17,P,,,,,,,,,,,,
1433,1356,13,1,K,G,39,B,DPR,8,14,V,,,,,,,,,,,,
1434,1357,13,1,K,G,40,A,TM2,3,7,P,,,,,,,,,,,,
1437,1358,13,1,K,G,40,B,SQ2,6,18,,,,,,,,,,,7/26/23,,
1438,1359,13,1,K,G,41,A,CP2,1,11,,,,,,,,,,,8/9/23,,
1441,1360,13,1,K,G,41,B,IH,1,13,V,,,,,,,,,,,,
1442,1361,13,1,K,G,42,A,YO11,4,5,,,,,,,,,,,8/9/23,,
1445,1362,13,1,K,G,42,B,LV1,5,12,X,,,,,,,,,,,,
1446,1363,13,1,K,G,43,A,IH,6,13,V,,,,,,,,,,,,
1449,1364,13,1,K,G,43,B,BH,3,13,,,,,,,,,,,8/9/23,,
1450,1365,13,1,K,G,44,A,BH*,buffer,buffer,,,,,,,,,,,,,
1453,1366,13,1,K,G,44,B,BH*,buffer,buffer,,,,,,,,,,,,,
1454,1367,13,1,K,G,45,A,NA,NA,NA,,,,,,,,,,,,,no hole/not planted
1457,1368,13,1,K,G,45,B,NA,NA,NA,,,,,,,,,,,,,no hole/not planted
1279,1369,14,2,J,G,1,C,NA,NA,NA,,,,,,,,,,,,,no hole/not planted
1280,1370,14,2,J,G,1,D,NA,NA,NA,,,,,,,,,,,,,no hole/not planted
1283,1371,14,2,J,G,2,C,TM2*,buffer,buffer,,,,,,,,,,,,,
1284,1372,14,2,J,G,2,D,TM2*,buffer,buffer,,,,,,,,,,,,,
1287,1373,14,2,J,G,3,C,SQ1,2,3,V,,,,,,,,,,,,
1288,1374,14,2,J,G,3,D,WL1,2,4,,,,,,,,,,,9/20/23,,
1291,1375,14,2,J,G,4,C,CP3,5,5,V,,,,,,,,,,,,
1292,1376,14,2,J,G,4,D,YO4,3,12,,,,,,,,,,,9/20/23,,
1295,1377,14,2,J,G,5,C,CP2,2,10,V,,,,,,,,,,,,
1296,1378,14,2,J,G,5,D,YO7,5,7,V,,,,,,,,,,,,
1299,1379,14,2,J,G,6,C,BH,5,12,V,,,,,,,,,,,,
1300,1380,14,2,J,G,6,D,IH,2,12,V,,,,,,,,,,,,
1303,1381,14,2,J,G,7,C,LV1,3,11,,,,,,,,,,,10/13/23,,
1304,1382,14,2,J,G,7,D,BH,4,12,V,,,,,,,,,,,,
1307,1383,14,2,J,G,8,C,DPR,7,2,V,,,,,,,,,,,,
1308,1384,14,2,J,G,8,D,CC,4,12,V,,,,,,,,,,,,
1311,1385,14,2,J,G,9,C,LV1,6,11,,,,,,,,,,,9/20/23,,
1312,1386,14,2,J,G,9,D,BH,6,12,V,,,,,,,,,,,,
1315,1387,14,2,J,G,10,C,CC,8,12,V,,,,,,,,,,,,
1316,1388,14,2,J,G,10,D,WL2,6,5,,,,,,,,,,,8/9/23,,
1319,1389,14,2,J,G,11,C,WL2,2,5,V,,,,,,,,,,,,
1320,1390,14,2,J,G,11,D,WV,3,2,,,,,,,,,,,7/26/23,,
1323,1391,14,2,J,G,12,C,SQ2,6,5,V,,,,,,,,,,,,
1324,1392,14,2,J,G,12,D,CC,5,12,V,,,,,,,,,,,,
1327,1393,14,2,J,G,13,C,SQ2,1,3,V,,,,,,,,,,,,
1328,1394,14,2,J,G,13,D,YO8,2,8,,,,,,,,,,,10/20/23,,
1331,1395,14,2,J,G,14,C,SC,2,12,V,,,,,,,,,,,,
1332,1396,14,2,J,G,14,D,SQ1,14,1,V,,,,,,,,,,,,
1335,1397,14,2,J,G,15,C,DPR,6,11,V,,,,,,,,,,,,
1336,1398,14,2,J,G,15,D,YO8,4,1,V,,,,,,,,,,,,
1339,1399,14,2,J,G,16,C,TM2,5,5,V,,,,,,,,,,,,
1340,1400,14,2,J,G,16,D,TM2,3,5,,,,,,,,,,,8/2/23,,
1343,1401,14,2,J,G,17,C,CP3,1,4,V,,,,,,,,,,,,
1344,1402,14,2,J,G,17,D,CP3,6,5,,,,,,,,,,,9/27/23,,
1347,1403,14,2,J,G,18,C,SQ3,7,5,,,,,,,,,,,7/26/23,,
1348,1404,14,2,J,G,18,D,IH,6,12,,,,,,,,,,,7/26/23,,
1351,1405,14,2,J,G,19,C,WL2,5,5,,,,,,,,,,,8/16/23,,
1352,1406,14,2,J,G,19,D,YO11,8,5,,,,,,,,,,,7/26/23,,
1355,1407,14,2,J,G,20,C,SC,4,12,,,,,,,,,,,7/26/23,,
1356,1408,14,2,J,G,20,D,SQ3,1,4,,,,,,,,,,,7/26/23,,
1359,1409,14,2,J,G,21,C,SQ3,3,7,V,,,,,,,,,,,,
1360,1410,14,2,J,G,21,D,CP3,4,5,,,,,,,,,,,7/26/23,,
1363,1411,14,2,J,G,22,C,LVTR1,8,13,,,,,,,,,,,7/26/23,,
1364,1412,14,2,J,G,22,D,NA,NA,NA,,,,,,,,,,,,,no hole/not planted
1367,1413,14,2,J,G,23,C,NA,NA,NA,,,,,,,,,,,,,no hole/not planted
1368,1414,14,2,J,G,23,D,NA,NA,NA,,,,,,,,,,,,,no hole/not planted
1371,1415,14,2,J,G,24,C,CP2,1,10,,,,,,,,,,,8/9/23,,
1372,1416,14,2,J,G,24,D,LV1,2,11,,,,,,,,,,,7/26/23,,
1375,1417,14,2,J,G,25,C,WL2,7,5,,,,,,,,,,,8/2/23,,new location
1376,1418,14,2,J,G,25,D,LVTR1,6,10,,,,,,,,,,,7/26/23,,new location
1379,1419,14,2,J,G,26,C,LV1*,4* buffer,14* buffer,,,,,,,,,,,,,
1380,1420,14,2,J,G,26,D,LV1*,3* buffer,14* buffer,,,,,,,,,,,,,
1383,1421,14,2,K,G,27,C,YO7,6,9,V,,,,,,,,,,,,
1384,1422,14,2,K,G,27,D,BH,5,13,,,,,,,,,,,8/2/23,,
1387,1423,14,2,K,G,28,C,SC,2,13,,,,,,,,,,,7/26/23,,
1388,1424,14,2,K,G,28,D,FR,5,8,,,,,,,,,,,7/26/23,,
1391,1425,14,2,K,G,29,C,DPR,1,5,,,,,,,,,,,8/2/23,,
1392,1426,14,2,K,G,29,D,LV1,4,12,,,,,,,,,,,7/26/23,,
1395,1427,14,2,K,G,30,C,YO11,6,6,,,,,,,,,,,8/2/23,,
1396,1428,14,2,K,G,30,D,CP2,5,11,,,,,,,,,,,8/9/23,,
1399,1429,14,2,K,G,31,C,TM2,7,5,P,,,,,,,,,,,,
1400,1430,14,2,K,G,31,D,LVTR1,7,13,,,,,,,,,,,7/26/23,,
1403,1431,14,2,K,G,32,C,CC,2,13,,,,,,,,,,,9/13/23,,
1404,1432,14,2,K,G,32,D,WL2,7,6,V,,,,,,,,,,,,
1407,1433,14,2,K,G,33,C,CP3,3,6,,,,,,,,,,,8/30/23,,
1408,1434,14,2,K,G,33,D,YO8,2,9,,,,,,,,,,,7/26/23,,
1411,1435,14,2,K,G,34,C,WL2,5,6,,,,,,,,,,,8/23/23,,
1412,1436,14,2,K,G,34,D,YO8,8,13,,,,,,,,,,,7/26/23,,
1415,1437,14,2,K,G,35,C,LV3,5,9,,,,,,,,,,,8/9/23,,
1416,1438,14,2,K,G,35,D,SC,4,13,V,,,,,,,,,,,,
1419,1439,14,2,K,G,36,C,LV1,3,12,,,,,,,,,,,8/9/23,,
1420,1440,14,2,K,G,36,D,SQ2,1,6,V,,,,,,,,,,,,
1423,1441,14,2,K,G,37,C,SQ3,6,11,,,,,,,,,,,8/30/23,,
1424,1442,14,2,K,G,37,D,IH,7,13,V,,,,,,,,,,,,
1427,1443,14,2,K,G,38,C,CC,9,13,,,,,,,,,,,8/9/23,,
1428,1444,14,2,K,G,38,D,LVTR1,5,5,,,,,,,,,,,7/26/23,,
1431,1445,14,2,K,G,39,C,DPR,3,5,,,,,,,,,,,7/26/23,,7/19 stem broken
1432,1446,14,2,K,G,39,D,CP2,7,5,,,,,,,,,,,8/9/23,,
1435,1447,14,2,K,G,40,C,BH,2,13,V,,,,,,,,,,,,
1436,1448,14,2,K,G,40,D,SQ2,6,6,X,,,,,,,,,,,,
1439,1449,14,2,K,G,41,C,WL1,3,10,V,,,,,,,,,,,,
1440,1450,14,2,K,G,41,D,YO8,1,9,V,,,,,,,,,,,,
1443,1451,14,2,K,G,42,C,SC,2,27,V,,,,,,,,,,,,
1444,1452,14,2,K,G,42,D,LVTR1,7,17,,,,,,,,,,,7/26/23,,
1447,1453,14,2,K,G,43,C,YO11,8,6,,,,,,,,,,,9/20/23,,
1448,1454,14,2,K,G,43,D,WL1,9,2,V,,,,,,,,,,,,
1451,1455,14,2,K,G,44,C,BH*,buffer,buffer,,,,,,,,,,,,,
1452,1456,14,2,K,G,44,D,BH*,buffer,buffer,,,,,,,,,,,,,
1455,1457,14,2,K,G,45,C,NA,NA,NA,,,,,,,,,,,,,no hole/not planted
1456,1458,14,2,K,G,45,D,NA,NA,NA,,,,,,,,,,,,,end of bed
1458,1459,15,1,L,H,1,A,BH*,buffer,buffer,,,,,,,,,,,,,end of bed
1461,1460,15,1,L,H,1,B,DPR,8,10,V,,,,,,,,,,,,new location
1462,1461,15,1,L,H,2,A,LV1,5,13,,,,,,,,,,,8/2/23,,new location
1465,1462,15,1,L,H,2,B,WL2,5,7,,,,,,,,,,,8/30/23,,new location
1466,1463,15,1,L,H,3,A,CP2,6,13,,,,,,,,,,,10/20/23,,
1469,1464,15,1,L,H,3,B,CC,8,1,,,,,,,,,,,8/9/23,,
1470,1465,15,1,L,H,4,A,BH,6,1,V,,,,,,,,,,,,
1473,1466,15,1,L,H,4,B,SQ3,4,4,,,,,,,,,,,8/2/23,,
1474,1467,15,1,L,H,5,A,SC,4,1,V,,,,,,,,,,,,
1477,1468,15,1,L,H,5,B,CP3,3,7,,,,,,,,,,,8/2/23,,
1478,1469,15,1,L,H,6,A,YO7,7,10,V,,,,,,,,,,,,
1481,1470,15,1,L,H,6,B,SC,2,26,V,,,,,,,,,,,,
1482,1471,15,1,L,H,7,A,IH,6,1,V,,,,,,,,,,,,
1485,1472,15,1,L,H,7,B,NA,NA,NA,,,,,,,,,,,,,no hole/not planted
1486,1473,15,1,L,H,8,A,CP2,5,12,V,,,,,,,,,,,,
1489,1474,15,1,L,H,8,B,YO8,5,14,V,,,,,,,,,,,,
1490,1475,15,1,L,H,9,A,NA,NA,NA,,,,,,,,,,,,,no hole/not planted
1493,1476,15,1,L,H,9,B,WL2,8,7,V,,,,,,,,,,,,
1494,1477,15,1,L,H,10,A,NA,NA,NA,,,,,,,,,,,,,no hole/not planted
1497,1478,15,1,L,H,10,B,CP3,2,11,V,,,,,,,,,,,,
1498,1479,15,1,L,H,11,A,NA,NA,NA,,,,,,,,,,,,,no hole/not planted
1501,1480,15,1,L,H,11,B,IH,2,1,V,,,,,,,,,,,,
1502,1481,15,1,L,H,12,A,NA,NA,NA,,,,,,,,,,,,,no hole/not planted
1505,1482,15,1,L,H,12,B,SC,2,1,V,,,,,,,,,,,,
1506,1483,15,1,L,H,13,A,TM2,2,6,V,,,,,,,,,,,,
1509,1484,15,1,L,H,13,B,DPR,6,13,V,,,,,,,,,,,,
1510,1485,15,1,L,H,14,A,NA,NA,NA,,,,,,,,,,,,,no hole/not planted
1513,1486,15,1,L,H,14,B,NA,NA,NA,,,,,,,,,,,,,no hole/not planted
1514,1487,15,1,L,H,15,A,NA,NA,NA,,,,,,,,,,,,,no hole/not planted
1517,1488,15,1,L,H,15,B,SQ3,3,5,V,,,,,,,,,,,,
1518,1489,15,1,L,H,16,A,NA,NA,NA,,,,,,,,,,,,,no hole/not planted
1521,1490,15,1,L,H,16,B,NA,NA,NA,,,,,,,,,,,,,no hole/not planted
1522,1491,15,1,L,H,17,A,CP3,3,15,,,,,,,,,,,7/26/23,,
1525,1492,15,1,L,H,17,B,CC,1,1,V,,,,,,,,,,,,
1526,1493,15,1,K,H,18,A,FR,6,9,V,,,,,,,,,,,,new location
1529,1494,15,1,K,H,18,B,YO8,2,10,V,,,,,,,,,,,,new location
1530,1495,15,1,K,H,19,A,LV3,7,4,V,,,,,,,,,,,,new location
1533,1496,15,1,K,H,19,B,YO8,6,13,,,,,,,,,,,8/2/23,,
1534,1497,15,1,K,H,20,A,LV1,8,12,,,,,,,,,,,8/9/23,,
1537,1498,15,1,K,H,20,B,BH,4,13,,,,,,,,,,,8/9/23,,
1538,1499,15,1,K,H,21,A,YO8,4,3,,,,,,,,,,,8/2/23,,
1541,1500,15,1,K,H,21,B,TM2,1,12,P,,,,,,,,,,,,
1542,1501,15,1,K,H,22,A,FR,6,4,,,,,,,,,,,7/26/23,,
1545,1502,15,1,K,H,22,B,LV3,7,3,,,,,,,,,,,7/26/23,,
1546,1503,15,1,K,H,23,A,YO4,5,3,V,,,,,,,,,,,,
1549,1504,15,1,K,H,23,B,WL2,8,6,,,,,,,,,,,8/9/23,,
1550,1505,15,1,K,H,24,A,CP2,4,11,,,,,,,,,,,8/9/23,,
1553,1506,15,1,K,H,24,B,CP2,4,14,V,,,,,,,,,,,,
1554,1507,15,1,K,H,25,A,YO7,3,3,,,,,,,,,,,7/26/23,,
1557,1508,15,1,K,H,25,B,SC,4,14,V,,,,,,,,,,,,
1558,1509,15,1,K,H,26,A,CP3,1,5,,,,,,,,,,,8/2/23,,
1561,1510,15,1,K,H,26,B,YO7,7,21,,,,,,,,,,,7/26/23,,
1562,1511,15,1,K,H,27,A,TM2,6,10,P,,,,,,,,,,,,
1565,1512,15,1,K,H,27,B,WL2,1,6,,,,,,,,,,,8/2/23,,
1566,1513,15,1,K,H,28,A,CP3,6,6,V,,,,,,,,,,,,
1569,1514,15,1,K,H,28,B,WL2,6,6,,,,,,,,,,,8/16/23,,
1570,1515,15,1,K,H,29,A,WL1,7,2,V,,,,,,,,,,,,
1573,1516,15,1,K,H,29,B,YO11,6,16,,,,,,,,,,,8/2/23,,
1574,1517,15,1,K,H,30,A,LVTR1,4,5,,,,,,,,,,,8/2/23,,
1577,1518,15,1,K,H,30,B,IH,3,13,,,,,,,,,,,8/9/23,,
1578,1519,15,1,K,H,31,A,YO7,4,11,V,,,,,,,,,,,,
1581,1520,15,1,K,H,31,B,FR,4,12,,,,,,,,,,,8/2/23,,
1582,1521,15,1,K,H,32,A,BH,6,13,,,,,,,,,,,8/16/23,,
1585,1522,15,1,K,H,32,B,CC,5,13,V,,,,,,,,,,,,
1586,1523,15,1,K,H,33,A,CP3,1,6,,,,,,,,,,,8/30/23,,new location
1589,1524,15,1,K,H,33,B,YO8,6,1,,,,,,,,,,,7/26/23,,new location
1590,1525,15,1,K,H,34,A,WL2,2,7,V,,,,,,,,,,,,new location
1593,1526,15,1,K,H,34,B,BH*,buffer,buffer,,,,,,,,,,,,,
1459,1527,16,2,L,H,1,C,NA,NA,NA,,,,,,,,,,,,,no hole/not planted
1460,1528,16,2,L,H,1,D,LV3,5,10,,,,,,,,,,,8/16/23,,new location
1463,1529,16,2,L,H,2,C,BH*,buffer,buffer,,,,,,,,,,,,,
1464,1530,16,2,L,H,2,D,NA,NA,NA,,,,,,,,,,,,,no hole/not planted
1467,1531,16,2,L,H,3,C,YO7,7,15,V,,,,,,,,,,,,
1468,1532,16,2,L,H,3,D,YO7,5,9,V,,,,,,,,,,,,
1471,1533,16,2,L,H,4,C,NA,NA,NA,,,,,,,,,,,,,no hole/not planted
1472,1534,16,2,L,H,4,D,LVTR1,8,25,,,,,,,,,,,7/26/23,,
1475,1535,16,2,L,H,5,C,NA,NA,NA,,,,,,,,,,,,,no hole/not planted
1476,1536,16,2,L,H,5,D,YO8,1,10,,,,,,,,,,,7/26/23,,new location
1479,1537,16,2,L,H,6,C,TM2,5,11,V,,,,,,,,,,,,
1480,1538,16,2,L,H,6,D,CP2,7,6,,,,,,,,,,,7/26/23,,
1483,1539,16,2,L,H,7,C,NA,NA,NA,,,,,,,,,,,,,no hole/not planted
1484,1540,16,2,L,H,7,D,CC,5,1,,,,,,,,,,,8/9/23,,
1487,1541,16,2,L,H,8,C,DPR,3,6,,,,,,,,,,,8/23/23,,
1488,1542,16,2,L,H,8,D,YO4,2,14,,,,,,,,,,,7/26/23,,
1491,1543,16,2,L,H,9,C,YO11,8,7,,,,,,,,,,,8/30/23,,
1492,1544,16,2,L,H,9,D,SQ3,7,7,,,,,,,,,,,7/26/23,,
1495,1545,16,2,L,H,10,C,YO8,8,1,,,,,,,,,,,9/13/23,,
1496,1546,16,2,L,H,10,D,SQ2,4,6,,,,,,,,,,,7/26/23,,
1499,1547,16,2,L,H,11,C,IH,4,1,V,,,,,,,,,,,,
1500,1548,16,2,L,H,11,D,NA,NA,NA,,,,,,,,,,,,,no hole/not planted
1503,1549,16,2,L,H,12,C,YO7,4,1,V,,,,,,,,,,,,
1504,1550,16,2,L,H,12,D,NA,NA,NA,,,,,,,,,,,,,no hole/not planted
1507,1551,16,2,L,H,13,C,WL1,7,3,X,,,,,,,,,,,,
1508,1552,16,2,L,H,13,D,NA,NA,NA,,,,,,,,,,,,,no hole/not planted
1511,1553,16,2,L,H,14,C,NA,NA,NA,,,,,,,,,,,,,no hole/not planted
1512,1554,16,2,L,H,14,D,WR,2,21,,,,,,,,,,,7/26/23,,
1515,1555,16,2,L,H,15,C,CC,3,1,,,,,,,,,,,8/23/23,,
1516,1556,16,2,L,H,15,D,CP2,1,12,X,,,,,,,,,,,,
1519,1557,16,2,L,H,16,C,NA,NA,NA,,,,,,,,,,,,,no hole/not planted
1520,1558,16,2,L,H,16,D,SC,8,1,V,,,,,,,,,,,,
1523,1559,16,2,L,H,17,C,NA,NA,NA,,,,,,,,,,,,,no hole/not planted
1524,1560,16,2,L,H,17,D,YO7,7,26,,,,,,,,,,,7/26/23,,
1527,1561,16,2,K,H,18,C,WL2,3,7,,,,,,,,,,,8/2/23,,new location
1528,1562,16,2,K,H,18,D,LVTR1,2,12,,,,,,,,,,,8/2/23,,new location
1531,1563,16,2,K,H,19,C,SC,6,1,,,,,,,,,,,7/26/23,,new location
1532,1564,16,2,K,H,19,D,SQ1,3,6,,,,,,,,,,,8/2/23,,
1535,1565,16,2,K,H,20,C,SQ2,8,6,,,,,,,,,,,7/26/23,,
1536,1566,16,2,K,H,20,D,CP2,2,11,V,,,,,,,,,,,,
1539,1567,16,2,K,H,21,C,CC,3,13,V,,,,,,,,,,,,
1540,1568,16,2,K,H,21,D,YO11,7,6,V,,,,,,,,,,,,
1543,1569,16,2,K,H,22,C,LV1,6,12,,,,,,,,,,,8/2/23,,
1544,1570,16,2,K,H,22,D,YO4,2,1,V,,,,,,,,,,,,
1547,1571,16,2,K,H,23,C,WL1,7,19,,,,,,,,,,,8/9/23,,
1548,1572,16,2,K,H,23,D,LVTR1,6,11,X,,,,,,,,,,,,
1551,1573,16,2,K,H,24,C,CC,1,13,,,,,,,,,,,7/26/23,,
1552,1574,16,2,K,H,24,D,SC,6,13,V,,,,,,,,,,,,
1555,1575,16,2,K,H,25,C,LV1,2,12,,,,,,,,,,,7/26/23,,
1556,1576,16,2,K,H,25,D,YO11,1,6,,,,,,,,,,,9/20/23,,
1559,1577,16,2,K,H,26,C,DPR,8,9,V,,,,,,,,,,,,
1560,1578,16,2,K,H,26,D,YO7,5,8,,,,,,,,,,,8/9/23,,
1563,1579,16,2,K,H,27,C,WL2,2,6,,,,,,,,,,,8/9/23,,
1564,1580,16,2,K,H,27,D,TM2,5,7,,,,,,,,,,,8/2/23,,
1567,1581,16,2,K,H,28,C,YO8,5,13,,,,,,,,,,,7/26/23,,
1568,1582,16,2,K,H,28,D,SQ1,14,11,V,,,,,,,,,,,,
1571,1583,16,2,K,H,29,C,YO7,4,8,,,,,,,,,,,7/26/23,,
1572,1584,16,2,K,H,29,D,SC,8,13,,,,,,,,,,,8/9/23,,
1575,1585,16,2,K,H,30,C,DPR,5,5,,,,,,,,,,,8/2/23,,
1576,1586,16,2,K,H,30,D,IH,4,13,,,,,,,,,,,7/26/23,,
1579,1587,16,2,K,H,31,C,IH,5,13,V,,,,,,,,,,,,
1580,1588,16,2,K,H,31,D,SQ2,6,21,,,,,,,,,,,7/26/23,,
1583,1589,16,2,K,H,32,C,SQ1,5,2,,,,,,,,,,,8/9/23,,
1584,1590,16,2,K,H,32,D,IH,2,13,,,,,,,,,,,7/26/23,,
1587,1591,16,2,K,H,33,C,CP2,3,12,,,,,,,,,,,8/2/23,,new location
1588,1592,16,2,K,H,33,D,SQ2,13,9,,,,,,,,,,,8/9/23,,new location
1591,1593,16,2,K,H,34,C,LVTR1,6,12,,,,,,,,,,,9/27/23,,new location
1592,1594,16,2,K,H,34,D,BH*,buffer,buffer,,,,,,,,,,,,,
1594,1595,17,1,L,I,1,A,NA,NA,NA,,,,,,,,,,,,,no hole/not planted
1597,1596,17,1,L,I,1,B,BH*,buffer,buffer,,,,,,,,,,,,,
1598,1597,17,1,L,I,2,A,BH*,buffer,buffer,,,,,,,,,,,,,
1601,1598,17,1,L,I,2,B,LV1,6,13,,,,,,,,,,,7/26/23,,new location
1602,1599,17,1,L,I,3,A,NA,NA,NA,,,,,,,,,,,,,no hole/not planted
1605,1600,17,1,L,I,3,B,CP3,5,7,X,,,,,,,,,,,,
1606,1601,17,1,L,I,4,A,SQ2,6,7,,,,,,,,,,,8/2/23,,
1609,1602,17,1,L,I,4,B,YO8,3,10,,,,,,,,,,,8/2/23,,
1610,1603,17,1,L,I,5,A,WL1,3,8,,,,,,,,,,,7/26/23,,
1613,1604,17,1,L,I,5,B,YO7,6,10,,,,,,,,,,,7/26/23,,
1614,1605,17,1,L,I,6,A,FR,5,5,,,,,,,,,,,7/26/23,,
1617,1606,17,1,L,I,6,B,BH,7,1,,,,,,,,,,,8/23/23,,
1618,1607,17,1,L,I,7,A,YO11,6,7,,,,,,,,,,,10/20/23,,
1621,1608,17,1,L,I,7,B,DPR,4,6,V,,,,,,,,,,,,
1622,1609,17,1,L,I,8,A,WL1,7,16,,,,,,,,,,,8/9/23,,
1625,1610,17,1,L,I,8,B,CC,9,1,V,,,,,,,,,,,,
1626,1611,17,1,L,I,9,A,WL2,7,7,V,,,,,,,,,,,,
1629,1612,17,1,L,I,9,B,SQ2,8,7,,,,,,,,,,,8/9/23,,
1630,1613,17,1,L,I,10,A,CP2,4,12,,,,,,,,,,,10/13/23,,
1633,1614,17,1,L,I,10,B,CC,4,1,V,,,,,,,,,,,,
1634,1615,17,1,L,I,11,A,DPR,5,9,,,,,,,,,,,8/2/23,,
1637,1616,17,1,L,I,11,B,LVTR1,3,7,,,,,,,,,,,8/2/23,,
1638,1617,17,1,L,I,12,A,IH,1,1,V,,,,,,,,,,,,
1641,1618,17,1,L,I,12,B,IH,7,1,V,,,,,,,,,,,,
1642,1619,17,1,L,I,13,A,YO11,4,10,,,,,,,,,,,8/2/23,,
1645,1620,17,1,L,I,13,B,LV1,3,13,,,,,,,,,,,8/9/23,,
1646,1621,17,1,L,I,14,A,LV1,1,13,,,,,,,,,,,8/2/23,,
1649,1622,17,1,L,I,14,B,TM2,1,13,,,,,,,,,,,8/9/23,,
1650,1623,17,1,L,I,15,A,BH,5,1,,,,,,,,,,,8/2/23,,7/19 stem broken
1653,1624,17,1,L,I,15,B,FR,4,13,,,,,,,,,,,8/2/23,,
1654,1625,17,1,L,I,16,A,SQ1,2,11,,,,,,,,,,,8/2/23,,
1657,1626,17,1,L,I,16,B,BH,2,1,V,,,,,,,,,,,,
1658,1627,17,1,L,I,17,A,YO8,5,1,V,,,,,,,,,,,,
1661,1628,17,1,L,I,17,B,LV1,2,13,,,,,,,,,,,7/26/23,,
1662,1629,17,1,L,I,18,A,BH,1,1,V,,,,,,,,,,,,new location
1665,1630,17,1,L,I,18,B,TM2,6,9,,,,,,,,,,,7/26/23,,new location
1666,1631,17,1,M,I,19,A,YO11,7,8,V,,,,,,,,,,,,
1669,1632,17,1,M,I,19,B,WL2,1,8,,,,,,,,,,,8/2/23,,
1670,1633,17,1,M,I,20,A,SQ2,1,7,,,,,,,,,,,8/2/23,,
1673,1634,17,1,M,I,20,B,YO7,5,19,,,,,,,,,,,8/9/23,,
1674,1635,17,1,M,I,21,A,DPR,8,17,,,,,,,,,,,10/20/23,,
1677,1636,17,1,M,I,21,B,WL1,7,21,,,,,,,,,,,9/20/23,,
1678,1637,17,1,M,I,22,A,LV1,3,1,,,,,,,,,,,8/2/23,,
1681,1638,17,1,M,I,22,B,CP2,3,13,V,,,,,,,,,,,,
1682,1639,17,1,M,I,23,A,BH*,buffer,buffer,,,,,,,,,,,,,
1685,1640,17,1,M,I,23,B,BH*,buffer,buffer,,,,,,,,,,,,,
1686,1641,17,1,M,I,24,A,NA,NA,NA,,,,,,,,,,,,,no hole/not planted
1689,1642,17,1,M,I,24,B,NA,NA,NA,,,,,,,,,,,,,no hole/not planted
1595,1643,18,2,L,I,1,C,NA,NA,NA,,,,,,,,,,,,,no hole/not planted
1596,1644,18,2,L,I,1,D,BH*,buffer,buffer,,,,,,,,,,,,,
1599,1645,18,2,L,I,2,C,BH*,buffer,buffer,,,,,,,,,,,,,
1600,1646,18,2,L,I,2,D,WL2,1,7,,,,,,,,,,,7/26/23,,new location
1603,1647,18,2,L,I,3,C,YO11,1,7,V,,,,,,,,,,,,
1604,1648,18,2,L,I,3,D,BH,4,1,V,,,,,,,,,,,,
1607,1649,18,2,L,I,4,C,NA,NA,NA,,,,,,,,,,,,,no hole/not planted
1608,1650,18,2,L,I,4,D,SC,4,16,,,,,,,,,,,8/16/23,,
1611,1651,18,2,L,I,5,C,LVTR1,4,12,V,,,,,,,,,,,,
1612,1652,18,2,L,I,5,D,NA,NA,NA,,,,,,,,,,,,,no hole/not planted
1615,1653,18,2,L,I,6,C,YO11,7,7,V,,,,,,,,,,,,
1616,1654,18,2,L,I,6,D,LV1,4,13,,,,,,,,,,,7/26/23,,
1619,1655,18,2,L,I,7,C,DPR,1,6,,,,,,,,,,,7/26/23,,
1620,1656,18,2,L,I,7,D,BH,3,1,,,,,,,,,,,8/2/23,,
1623,1657,18,2,L,I,8,C,IH,3,1,,,,,,,,,,,8/9/23,,
1624,1658,18,2,L,I,8,D,LVTR1,8,18,,,,,,,,,,,7/26/23,,
1627,1659,18,2,L,I,9,C,DPR,6,20,V,,,,,,,,,,,,
1628,1660,18,2,L,I,9,D,YO11,8,15,,,,,,,,,,,7/26/23,,
1631,1661,18,2,L,I,10,C,CP3,6,7,,,,,,,,,,,8/9/23,,
1632,1662,18,2,L,I,10,D,YO4,4,1,,,,,,,,,,,7/26/23,,
1635,1663,18,2,L,I,11,C,LV1,8,13,,,,,,,,,,,7/26/23,,
1636,1664,18,2,L,I,11,D,FR,7,1,,,,,,,,,,,10/13/23,,
1639,1665,18,2,L,I,12,C,SC,5,1,,,,,,,,,,,8/9/23,,
1640,1666,18,2,L,I,12,D,YO11,5,7,,,,,,,,,,,7/26/23,,
1643,1667,18,2,L,I,13,C,WL1,9,1,X,,,,,,,,,,,,
1644,1668,18,2,L,I,13,D,CP3,4,7,,,,,,,,,,,7/26/23,,
1647,1669,18,2,L,I,14,C,TM2,3,8,,,,,,,,,,,8/9/23,,
1648,1670,18,2,L,I,14,D,TM2,7,6,,,,,,,,,,,7/26/23,,
1651,1671,18,2,L,I,15,C,LVTR1,8,1,,,,,,,,,,,7/26/23,,
1652,1672,18,2,L,I,15,D,IH,5,1,,,,,,,,,,,7/26/23,,
1655,1673,18,2,L,I,16,C,YO7,2,10,,,,,,,,,,,8/2/23,,
1656,1674,18,2,L,I,16,D,CP2,2,12,,,,,,,,,,,7/26/23,,
1659,1675,18,2,L,I,17,C,CC,2,1,,,,,,,,,,,8/9/23,,
1660,1676,18,2,L,I,17,D,WL2,6,7,,,,,,,,,,,7/26/23,,
1663,1677,18,2,L,I,18,C,YO4,2,2,,,,,,,,,,,8/9/23,,new location
1664,1678,18,2,L,I,18,D,NA,NA,NA,,,,,,,,,,,,,no hole/not planted
1667,1679,18,2,M,I,19,C,SC,2,22,,,,,,,,,,,7/26/23,,
1668,1680,18,2,M,I,19,D,YO7,6,11,,,,,,,,,,,7/26/23,,
1671,1681,18,2,M,I,20,C,CP3,2,5,,,,,,,,,,,7/26/23,,
1672,1682,18,2,M,I,20,D,IH,2,2,,,,,,,,,,,8/2/23,,
1675,1683,18,2,M,I,21,C,CP2,5,13,,,,,,,,,,,8/9/23,,
1676,1684,18,2,M,I,21,D,WL2,6,8,,,,,,,,,,,7/26/23,,
1679,1685,18,2,M,I,22,C,BH,1,2,,,,,,,,,,,7/26/23,,
1680,1686,18,2,M,I,22,D,CC,4,2,,,,,,,,,,,8/2/23,,
1683,1687,18,2,M,I,23,C,BH*,buffer,buffer,,,,,,,,,,,,,
1684,1688,18,2,M,|,23,D,BH*,buffer,buffer,,,,,,,,,,,,,
1687,1689,18,2,M,I,24,C,NA,NA,NA,,,,,,,,,,,,,no hole/not planted
1688,1690,18,2,M,I,24,D,NA,NA,NA,,,,,,,,,,,,,end of bed
1690,1691,19,1,M,J,1,A,NA,NA,NA,,,,,,,,,,,,,no hole/not planted
1693,1692,19,1,M,J,1,B,NA,NA,NA,,,,,,,,,,,,,no hole/not planted
1694,1693,19,1,M,J,2,A,IH*,7* buffer,16* buffer,,,,,,,,,,,,,
1697,1694,19,1,M,J,2,B,LV1*,1* buffer,16* buffer,,,,,,,,,,,,,
1698,1695,19,1,M,J,3,A,CP2,7,14,X,,,,,,,,,,,,
1701,1696,19,1,M,J,3,B,CP3,5,8,X,,,,,,,,,,,,
1702,1697,19,1,M,J,4,A,YO7,3,8,V,,,,,,,,,,,,
1705,1698,19,1,M,J,4,B,DPR,3,7,,,,,,,,,,,8/9/23,,
1706,1699,19,1,M,J,5,A,TM2,2,11,P,,,,,,,,,,,,
1709,1700,19,1,M,J,5,B,IH,3,2,,,,,,,,,,,8/23/23,,
1710,1701,19,1,M,J,6,A,LV1,2,1,V,,,,,,,,,,,,
1713,1702,19,1,M,J,6,B,SC,5,2,V,,,,,,,,,,,,
1714,1703,19,1,M,J,7,A,SQ2,8,8,,,,,,,,,,,8/2/23,,
1717,1704,19,1,M,J,7,B,BH,2,2,V,,,,,,,,,,,,
1718,1705,19,1,M,J,8,A,BH,5,2,V,,,,,,,,,,,,
1721,1706,19,1,M,J,8,B,WL1,2,13,,,,,,,,,,,7/26/23,,
1722,1707,19,1,M,J,9,A,FR,7,2,,,,,,,,,,,8/9/23,,
1725,1708,19,1,M,J,9,B,CP3,1,7,,,,,,,,,,,8/2/23,,
1726,1709,19,1,M,J,10,A,BH,4,2,V,,,,,,,,,,,,
1729,1710,19,1,M,J,10,B,DPR,4,7,V,,,,,,,,,,,,
1730,1711,19,1,M,J,11,A,LV1,4,1,X,,,,,,,,,,,,
1733,1712,19,1,M,J,11,B,CP2,1,13,,,,,,,,,,,7/26/23,,
1734,1713,19,1,M,J,12,A,SQ2,6,15,V,,,,,,,,,,,,
1737,1714,19,1,M,J,12,B,WL1,9,9,V,,,,,,,,,,,,
1738,1715,19,1,M,J,13,A,CP2,7,7,V,,,,,,,,,,,,
1741,1716,19,1,M,J,13,B,LVTR1,3,2,,,,,,,,,,,8/2/23,,
1742,1717,19,1,M,J,14,A,LVTR1,2,13,,,,,,,,,,,8/2/23,,
1745,1718,19,1,M,J,14,B,WL2,5,8,V,,,,,,,,,,,,
1746,1719,19,1,M,J,15,A,YO7,7,11,V,,,,,,,,,,,,
1749,1720,19,1,M,J,15,B,LV3,7,7,V,,,,,,,,,,,,
1750,1721,19,1,M,J,16,A,CP3,4,8,,,,,,,,,,,8/2/23,,
1753,1722,19,1,M,J,16,B,SC,2,2,V,,,,,,,,,,,,
1754,1723,19,1,M,J,17,A,YO8,1,11,,,,,,,,,,,8/9/23,,
1757,1724,19,1,M,J,17,B,TM2,5,12,P,,,,,,,,,,,,
1758,1725,19,1,M,J,18,A,DPR,1,7,,,,,,,,,,,8/30/23,,
1761,1726,19,1,M,J,18,B,SC,8,2,V,,,,,,,,,,,,
1762,1727,19,1,M,J,19,A,NA,NA,NA,,,,,,,,,,,,,no hole/not planted
1765,1728,19,1,M,J,19,B,CP3*,4* buffer,16* buffer,,,,,,,,,,,,,
1766,1729,19,1,M,J,20,A,NA,NA,NA,,,,,,,,,,,,,no hole/not planted
1769,1730,19,1,M,J,20,B,NA,NA,NA,,,,,,,,,,,,,no hole/not planted
1691,1731,20,2,M,J,1,C,NA,NA,NA,,,,,,,,,,,,,no hole/not planted
1692,1732,20,2,M,J,1,D,NA,NA,NA,,,,,,,,,,,,,no hole/not planted
1695,1733,20,2,M,J,2,C,CP2*,1* buffer,15* buffer,,,,,,,,,,,,,
1696,1734,20,2,M,J,2,D,IH*,1* buffer,15* buffer,,,,,,,,,,,,,
1699,1735,20,2,M,J,3,C,SQ3,2,12,,,,,,,,,,,8/9/23,,
1700,1736,20,2,M,J,3,D,CC,8,2,V,,,,,,,,,,,,
1703,1737,20,2,M,J,4,C,FR,2,10,V,,,,,,,,,,,,
1704,1738,20,2,M,J,4,D,TM2,7,7,P,,,,,,,,,,,,
1707,1739,20,2,M,J,5,C,YO4,3,4,X,,,,,,,,,,,,
1708,1740,20,2,M,J,5,D,SQ3,6,13,V,,,,,,,,,,,,
1711,1741,20,2,M,J,6,C,CC,2,2,V,,,,,,,,,,,,
1712,1742,20,2,M,J,6,D,YO8,8,2,V,,,,,,,,,,,,
1715,1743,20,2,M,J,7,C,YO7,6,16,,,,,,,,,,,8/2/23,,
1716,1744,20,2,M,J,7,D,YO7,5,10,V,,,,,,,,,,,,
1719,1745,20,2,M,J,8,C,NA,NA,NA,,,,,,,,,,,,,7/19 dead
1720,1746,20,2,M,J,8,D,YO11,6,8,V,,,,,,,,,,,,
1723,1747,20,2,M,J,9,C,CP2,4,13,V,,,,,,,,,,,,
1724,1748,20,2,M,J,9,D,FR,4,1,V,,,,,,,,,,,,
1727,1749,20,2,M,J,10,C,SQ1,14,3,V,,,,,,,,,,,,
1728,1750,20,2,M,J,10,D,TM2,3,10,,,,,,,,,,,8/30/23,,
1731,1751,20,2,M,J,11,C,YO11,1,8,X,,,,,,,,,,,,
1732,1752,20,2,M,J,11,D,IH,5,2,V,,,,,,,,,,,,
1735,1753,20,2,M,J,12,C,LV1,6,1,V,,,,,,,,,,,,
1736,1754,20,2,M,J,12,D,LVTR1,8,3,X,,,,,,,,,,,,
1739,1755,20,2,M,J,13,C,BH,6,2,V,,,,,,,,,,,,
1740,1756,20,2,M,J,13,D,WL2,3,8,V,,,,,,,,,,,,
1743,1757,20,2,M,J,14,C,YO8,5,2,V,,,,,,,,,,,,
1744,1758,20,2,M,J,14,D,YO8,6,2,X,,,,,,,,,,,,
1747,1759,20,2,M,J,15,C,LV1,5,1,,,,,,,,,,,8/2/23,,
1748,1760,20,2,M,J,15,D,DPR,5,3,,,,,,,,,,,8/30/23,,
1751,1761,20,2,M,J,16,C,BH,7,2,V,,,,,,,,,,,,
1752,1762,20,2,M,J,16,D,WL2,8,8,V,,,,,,,,,,,,
1755,1763,20,2,M,J,17,C,LV1,1,1,X,,,,,,,,,,,,
1756,1764,20,2,M,J,17,D,LV1,8,1,V,,,,,,,,,,,,
1759,1765,20,2,M,J,18,C,IH,4,2,,,,,,,,,,,9/13/23,,
1760,1766,20,2,M,J,18,D,YO8,2,11,,,,,,,,,,,10/20/23,,
1763,1767,20,2,M,J,19,C,WL2*,1* buffer,16* buffer,,,,,,,,,,,,,
1764,1768,20,2,M,J,19,D,BH*,buffer,buffer,,,,,,,,,,,,,
1767,1769,20,2,M,J,20,C,NA,NA,NA,,,,,,,,,,,,,no hole/not planted
1768,1770,20,2,M,J,20,D,NA,NA,NA,,,,,,,,,,,,,no hole/not planted
1770,1771,21,1,M,K,1,A,NA,NA,NA,,,,,,,,,,,,,no hole/not planted
1773,1772,21,1,M,K,1,B,NA,NA,NA,,,,,,,,,,,,,no hole/not planted
1774,1773,21,1,M,K,2,A,CP2,7,16,V,,,,,,,,,,,,new location
1777,1774,21,1,M,K,2,B,IH,4,14,V,,,,,,,,,,,,new location
1778,1775,21,1,M,K,3,A,LVTR1,6,13,X,,,,,,,,,,,,
1781,1776,21,1,M,K,3,B,SC,2,15,V,,,,,,,,,,,,
1782,1777,21,1,M,K,4,A,LVTR1,8,15,X,,,,,,,,,,,,
1785,1778,21,1,M,K,4,B,IH,6,2,V,,,,,,,,,,,,
1786,1779,21,1,M,K,5,A,CP3,3,8,V,,,,,,,,,,,,
1789,1780,21,1,M,K,5,B,YO11,8,8,X,,,,,,,,,,,,
1790,1781,21,1,M,K,6,A,SQ2,6,8,V,,,,,,,,,,,,
1793,1782,21,1,M,K,6,B,CC,3,2,V,,,,,,,,,,,,
1794,1783,21,1,M,K,7,A,DPR,6,1,V,,,,,,,,,,,,
1797,1784,21,1,M,K,7,B,WL2,2,8,V,,,,,,,,,,,,
1798,1785,21,1,M,K,8,A,WL1,7,4,V,,,,,,,,,,,,
1801,1786,21,1,M,K,8,B,FR,5,11,V,,,,,,,,,,,,
1802,1787,21,1,M,K,9,A,YO11,4,3,,,,,,,,,,,8/2/23,,
1805,1788,21,1,M,K,9,B,TM2,1,1,,,,,,,,,,,9/6/23,,
1806,1789,21,1,M,K,10,A,YO7,1,2,V,,,,,,,,,,,,
1809,1790,21,1,M,K,10,B,CP3,6,8,V,,,,,,,,,,,,
1810,1791,21,1,M,K,11,A,YO8,4,2,V,,,,,,,,,,,,
1813,1792,21,1,M,K,11,B,SQ2,6,26,,,,,,,,,,,8/2/23,,
1814,1793,21,1,M,K,12,A,YO11,5,8,V,,,,,,,,,,,,
1817,1794,21,1,M,K,12,B,CC,5,2,V,,,,,,,,,,,,
1818,1795,21,1,M,K,13,A,CC,1,2,V,,,,,,,,,,,,new location CC 1-2
1821,1796,21,1,M,K,13,B,BH*,buffer,buffer,,,,,,,,,,,,,
1822,1797,21,1,M,K,14,A,BH*,buffer,buffer,,,,,,,,,,,,,
1825,1798,21,1,M,K,14,B,NA,NA,NA,,,,,,,,,,,,,no hole/not planted
1771,1799,22,2,M,K,1,C,NA,NA,NA,,,,,,,,,,,,,no hole/not planted
1772,1800,22,2,M,K,1,D,NA,NA,NA,,,,,,,,,,,,,no hole/not planted
1775,1801,22,2,M,K,2,C,YO7,5,13,V,,,,,,,,,,,,germ after DNA coll
1776,1802,22,2,M,K,2,D,LV1*,1* buffer,14* buffer,,,,,,,,,,,,,
1779,1803,22,2,M,K,3,C,IH,7,2,V,,,,,,,,,,,,
1780,1804,22,2,M,K,3,D,DPR,8,11,,,,,,,,,,,7/26/23,,
1783,1805,22,2,M,K,4,C,SQ3,4,3,V,,,,,,,,,,,,
1784,1806,22,2,M,K,4,D,CC,9,2,,,,,,,,,,,8/9/23,,
1787,1807,22,2,M,K,5,C,CC,1,2,,,,,,,,,,,,no plant/tag?,
1788,1808,22,2,M,K,5,D,YO4,2,3,,,,,,,,,,,7/26/23,,
1791,1809,22,2,M,K,6,C,LVTR1,5,3,,,,,,,,,,,8/2/23,,
1792,1810,22,2,M,K,6,D,YO4,4,2,V,,,,,,,,,,,,
1795,1811,22,2,M,K,7,C,SC,6,2,V,,,,,,,,,,,,
1796,1812,22,2,M,K,7,D,YO11,6,15,,,,,,,,,,,8/2/23,,
1799,1813,22,2,M,K,8,C,IH,1,2,V,,,,,,,,,,,,
1800,1814,22,2,M,K,8,D,BH,3,2,,,,,,,,,,,7/26/23,,
1803,1815,22,2,M,K,9,C,SC,4,2,V,,,,,,,,,,,,
1804,1816,22,2,M,K,9,D,YO8,3,11,,,,,,,,,,,10/13/23,,
1807,1817,22,2,M,K,10,C,CP2,2,13,V,,,,,,,,,,,,
1808,1818,22,2,M,K,10,D,WL2,7,8,V,,,,,,,,,,,,
1811,1819,22,2,M,K,11,C,SQ1,2,9,V,,,,,,,,,,,,
1812,1820,22,2,M,K,11,D,TM2,7,22,,,,,,,,,,,7/26/23,,
1815,1821,22,2,M,K,12,C,LV3,5,11,,,,,,,,,,,8/9/23,,
1816,1822,22,2,M,K,12,D,TM2,6,12,P,,,,,,,,,,,,
1819,1823,22,2,M,K,13,C,CP3,3,14,V,,,,,,,,,,,,
1820,1824,22,2,M,K,13,D,BH*,buffer,buffer,,,,,,,,,,,,,
1823,1825,22,2,M,K,14,C,NA,NA,NA,,,,,,,,,,,,,no hole/not planted
1824,1826,22,2,M,K,14,D,NA,NA,NA,,,,,,,,,,,,,end of bed