pop.id,Plant Type,Collected,Not_Collected,PctCollected,bed,row,col,unique.ID,Reproductive?,,,pop.id,Plant Type,Collected,Not_Collected,PctCollected,bed,row,col,unique.ID,Reproductive?,Sorting
(YO11 x WL2) x WL2,F2,0,6,0,F,19,C,1312,reproductive!,,,WL2-1,Main_Parent,3,11,0.214285714,A,4,A,107,dead,1
BH x WL2,F1,1,13,0.071428571,F,30,A,386,reproductive!,,,TM2 x YO11,F1,9,2,0.818181818,A,5,A,765,reproductive!,1
(YO11 x WL2) x WL2,F2,0,6,0,A,3,A,1315,dead,,,DPR x WL2,F1,8,13,0.380952381,A,5,B,472,reproductive!,1
WV,Other_Parent,1,20,0.047619048,A,4,B,270,vegetative,,,(WV x WL2) x WV,F2,3,10,0.230769231,A,6,A,1344,dead,1
LV1,Other_Parent,0,10,0,A,9,A,283,dead,,,WL2-3,Main_Parent,4,10,0.285714286,A,7,B,119,dead,1
WL2 x WV,F1,1,7,0.125,A,9,D,952,vegetative,,,LV1 x WL2,F1,3,20,0.130434783,A,9,B,516,vegetative,1
WL2 x DPR,F1,1,8,0.111111111,A,10,B,864,missing,,,WV x (WV x WL2),F2,5,30,0.142857143,A,14,B,1095,vegetative,1
WL2-12,Main_Parent,0,14,0,A,11,B,191,dead,,,WL1,Other_Parent,4,17,0.19047619,A,15,B,344,dead,1
(LV1 x WL2) x (SQ3 x WL2),F2,1,1,0.5,A,12,D,1122,measured,,,WL2-10,Main_Parent,3,11,0.214285714,A,19,A,167,missing,1
YO11,Other_Parent,0,11,0,A,15,C,312,dead,,,WL1 x WL2,F1,3,21,0.125,A,20,A,849,missing,1
BH x WL2,F1,1,13,0.071428571,A,16,B,380,vegetative,,,WL1,Other_Parent,4,17,0.19047619,A,23,B,356,dead,1
WL2 x WL1,F1,0,9,0,A,21,B,915,vegetative,,,WL2 x CC,F1,3,2,0.6,A,25,A,820,reproductive!,1
SQ3,Other_Parent,1,3,0.25,A,26,D,333,harvested,,,WL2-9,Main_Parent,8,6,0.571428571,A,27,B,152,missing,1
WL2 x WV,F1,1,7,0.125,A,31,D,949,dead,,,WL1 x WL2,F1,3,21,0.125,A,28,A,846,missing,1
YO11,Other_Parent,0,11,0,A,35,B,304,dead,,,SQ3 x WL2,F1,2,9,0.181818182,A,30,B,600,dead,1
BH x WL2,F1,1,13,0.071428571,A,36,C,393,dead,,,(LV1 x WL2) x WL2,F2,4,24,0.142857143,A,32,B,1150,dead,1
BH x WL2,F1,1,13,0.071428571,A,38,B,369,vegetative,,,LV1 x WL2,F1,3,20,0.130434783,A,33,B,532,dead,1
WV,Other_Parent,1,20,0.047619048,A,41,A,279,vegetative,,,LV1 x WL2,F1,3,20,0.130434783,A,37,B,544,dead,1
WV,Other_Parent,1,20,0.047619048,A,41,C,267,vegetative,,,(WV x WL2) x WV,F2,3,10,0.230769231,A,38,A,1337,vegetative,1
WL2-12,Main_Parent,0,14,0,A,42,D,188,dead,,,WL1,Other_Parent,4,17,0.19047619,A,40,B,353,dead,1
WL2 x LV1,F1,0,1,0,A,43,B,899,dead,,,WL2-11,Main_Parent,2,12,0.142857143,A,41,B,176,dead,1
BH x WL2,F1,1,13,0.071428571,B,4,A,381,dead,,,WL2-8,Main_Parent,6,8,0.428571429,A,44,A,140,dead,1
WV,Other_Parent,1,20,0.047619048,B,5,A,271,dead,,,WL2-11,Main_Parent,2,12,0.142857143,A,3,C,179,dead,2
LV1,Other_Parent,0,10,0,B,5,D,284,dead,,,SQ3 x WL2,F1,2,9,0.181818182,A,10,D,576,missing,2
DPR x (DPR x WL2),F2,0,1,0,B,9,C,1128,dead,,,WL1 x WL2,F1,3,21,0.125,A,19,D,837,missing,2
WL2-12,Main_Parent,0,14,0,B,10,A,192,dead,,,(LV1 x WL2) x WL2,F2,4,24,0.142857143,A,21,D,1153,dead,2
WL2 x DPR,F1,1,8,0.111111111,B,10,D,866,dead,,,(LV1 x WL2) x WL2,F2,4,24,0.142857143,A,22,D,2026,vegetative,2
WL2 x WL1,F1,0,9,0,B,12,B,921,dead,,,WL2-3,Main_Parent,4,10,0.285714286,A,30,C,116,vegetative,2
WL2 x WV,F1,1,7,0.125,B,14,D,953,dead,,,WV x (WV x WL2),F2,5,30,0.142857143,A,32,D,1092,vegetative,2
YO11,Other_Parent,0,11,0,B,15,C,313,dead,,,WL2-10,Main_Parent,3,11,0.214285714,A,33,C,164,vegetative,2
(YO11 x WL2) x WL2,F2,0,6,0,B,19,C,1316,dead,,,WV x (WV x WL2),F2,5,30,0.142857143,A,34,D,2035,dead,2
WL2 x DPR,F1,1,8,0.111111111,B,25,B,868,vegetative,,,(LV1 x WL2) x WL2,F2,4,24,0.142857143,A,35,C,1138,dead,2
WV,Other_Parent,1,20,0.047619048,B,27,B,272,vegetative,,,TM2-1,Main_Parent,8,4,0.666666667,A,35,D,3,NA,2
WL2 x WV,F1,1,7,0.125,B,29,B,955,vegetative,,,(LV1 x WL2) x WL2,F2,4,24,0.142857143,A,38,C,2023,dead,2
(LV1 x WL2) x (YO11 x WL2),F2,0,1,0,B,31,C,1160,vegetative,,,WL1 x WL2,F1,3,21,0.125,A,40,C,858,vegetative,2
BH x WL2,F1,1,13,0.071428571,B,32,C,382,vegetative,,,WL2 x BH,F1,7,11,0.388888889,A,43,D,790,dead,2
YO11,Other_Parent,0,11,0,B,33,D,314,dead,,,(TM2 x WL2) x (YO11 x WL2),F2,5,3,0.625,A,45,C,1304,dead,2
LV1,Other_Parent,0,10,0,B,34,B,285,dead,,,WL2-8,Main_Parent,6,8,0.428571429,A,45,D,128,vegetative,2
(YO11 x WL2) x WL2,F2,0,6,0,B,35,B,1317,dead,,,WL2-8,Main_Parent,6,8,0.428571429,B,2,B,132,missing,1
WV,Other_Parent,1,20,0.047619048,B,38,B,260,dead,,,WL1 x WL2,F1,3,21,0.125,B,5,B,850,dead,1
WL2-12,Main_Parent,0,14,0,B,39,C,193,dead,,,WL2-11,Main_Parent,2,12,0.142857143,B,6,A,180,dead,1
WL2 x WL1,F1,0,9,0,B,45,C,922,dead,,,WL1 x WL2,F1,3,21,0.125,B,7,A,838,dead,1
WL2-12,Main_Parent,0,14,0,C,4,B,195,dead,,,DPR x WL2,F1,8,13,0.380952381,B,8,A,461,dead,1
WL2 x DPR,F1,1,8,0.111111111,C,7,C,883,vegetative,,,SQ3 x WL2,F1,2,9,0.181818182,B,11,B,577,dead,1
YO11,Other_Parent,0,11,0,C,13,A,319,dead,,,WV x (WV x WL2),F2,5,30,0.142857143,B,12,A,2039,dead,1
LV1,Other_Parent,0,10,0,C,13,B,288,dead,,,WL2-10,Main_Parent,3,11,0.214285714,B,17,B,168,missing,1
WV,Other_Parent,1,20,0.047619048,C,13,D,274,dead,,,(LV1 x WL2) x WL2,F2,4,24,0.142857143,B,18,B,1142,missing,1
(YO11 x WL2) x WL2,F2,0,6,0,C,15,D,1330,dead,,,(WV x WL2) x WV,F2,3,10,0.230769231,B,24,B,1347,vegetative,1
BH x WL2,F1,1,13,0.071428571,C,18,C,384,vegetative,,,(TM2 x WL2) x (YO11 x WL2),F2,5,3,0.625,B,27,A,1295,dead,1
WL2 x WL1,F1,0,9,0,C,19,D,928,dead,,,WV x (WV x WL2),F2,5,30,0.142857143,B,28,B,2040,vegetative,1
WL2-12,Main_Parent,0,14,0,C,21,C,183,dead,,,DPR x WL2,F1,8,13,0.380952381,B,29,A,462,dead,1
WV,Other_Parent,1,20,0.047619048,C,22,C,262,dead,,,WL2-10,Main_Parent,3,11,0.214285714,B,30,A,157,dead,1
WL2-12,Main_Parent,0,14,0,C,24,A,189,dead,,,(TM2 x WL2) x (TM2 x WL2),F2,4,5,0.444444444,B,31,A,1270,vegetative,1
WL2 x WV,F1,1,7,0.125,C,24,B,950,dead,,,WL1,Other_Parent,4,17,0.19047619,B,34,A,358,dead,1
BH x WL2,F1,1,13,0.071428571,C,30,A,374,vegetative,,,TM2-3,Main_Parent,5,3,0.625,B,35,A,34,dead,1
SQ3,Other_Parent,1,3,0.25,C,30,C,339,vegetative,,,TM2 x BH,F1,8,3,0.727272727,B,37,A,610,dead,1
WV,Other_Parent,1,20,0.047619048,C,31,A,268,vegetative,,,WL1 x WL2,F1,3,21,0.125,B,37,B,839,dead,1
WL2 x WL1,F1,0,9,0,C,39,B,912,vegetative,,,CC x TM2,F1,5,1,0.833333333,B,39,A,412,reproductive!,1
YO11,Other_Parent,0,11,0,C,41,C,305,dead,,,WL2 x BH,F1,7,11,0.388888889,B,41,A,801,reproductive!,1
WV,Other_Parent,1,20,0.047619048,C,44,A,280,dead,,,WL2-9,Main_Parent,8,6,0.571428571,B,41,B,145,dead,1
BH x WL2,F1,1,13,0.071428571,C,44,D,394,vegetative,,,WV x (WV x WL2),F2,5,30,0.142857143,B,44,B,1097,dead,1
WL2 x WV,F1,1,7,0.125,D,2,B,948,dead,,,WL1,Other_Parent,4,17,0.19047619,B,45,B,346,dead,1
WV,Other_Parent,1,20,0.047619048,D,4,C,266,dead,,,WL2-10,Main_Parent,3,11,0.214285714,B,8,D,156,dead,2
SQ3,Other_Parent,1,3,0.25,D,6,A,331,dead,,,WL2-9,Main_Parent,8,6,0.571428571,B,9,D,144,missing,2
WL2 x DPR,F1,1,8,0.111111111,D,12,D,890,measured,,,WL2-1,Main_Parent,3,11,0.214285714,B,11,C,108,dead,2
WV,Other_Parent,1,20,0.047619048,D,14,D,278,vegetative,,,WL2-3,Main_Parent,4,10,0.285714286,B,12,D,120,missing,2
BH x WL2,F1,1,13,0.071428571,D,20,A,388,vegetative,,,DPR x WL2,F1,8,13,0.380952381,B,17,D,473,dead,2
LV1,Other_Parent,0,10,0,D,21,B,296,dead,,,LV1 x WL2,F1,3,20,0.130434783,B,18,D,517,dead,2
WL2-12,Main_Parent,0,14,0,D,22,B,187,dead,,,LV1 x WL2,F1,3,20,0.130434783,B,20,C,536,vegetative,2
LV1,Other_Parent,0,10,0,D,31,B,290,dead,,,(TM2 x WL2) x (TM2 x WL2),F2,4,5,0.444444444,B,22,C,1269,vegetative,2
WV,Other_Parent,1,20,0.047619048,D,32,B,263,vegetative,,,(WV x WL2) x WV,F2,3,10,0.230769231,B,22,D,1346,dead,2
WL2-12,Main_Parent,0,14,0,D,32,C,196,dead,,,(LV1 x WL2) x WL2,F2,4,24,0.142857143,B,25,C,1143,missing,2
WL2 x DPR,F1,1,8,0.111111111,D,33,D,886,vegetative,,,WL2-11,Main_Parent,2,12,0.142857143,B,25,D,169,missing,2
YO11,Other_Parent,0,11,0,D,34,B,320,dead,,,LV1 x WL2,F1,3,20,0.130434783,B,28,D,537,dead,2
BH x WL2,F1,1,13,0.071428571,D,35,A,385,dead,,,SQ3 x WL2,F1,2,9,0.181818182,B,30,C,580,dead,2
WL2 x WL1,F1,0,9,0,D,36,A,932,dead,,,LV1 x WL2,F1,3,20,0.130434783,B,33,C,518,dead,2
WL2-12,Main_Parent,0,14,0,D,41,D,184,dead,,,WL2 x BH,F1,7,11,0.388888889,B,36,D,783,dead,2
WV,Other_Parent,1,20,0.047619048,D,45,A,275,vegetative,,,TM2-7,Main_Parent,9,2,0.818181818,B,38,C,97,dead,2
WV,Other_Parent,1,20,0.047619048,E,2,A,261,vegetative,,,WL1 x WL2,F1,3,21,0.125,B,40,D,851,dead,2
(YO11 x WL2) x WL2,F2,0,6,0,E,6,C,1321,dead,,,WL2-3,Main_Parent,4,10,0.285714286,B,41,C,121,dead,2
WL2 x WL1,F1,0,9,0,E,6,D,923,dead,,,WL2-11,Main_Parent,2,12,0.142857143,B,42,C,181,dead,2
BH x WL2,F1,1,13,0.071428571,E,13,D,383,vegetative,,,TM2-1,Main_Parent,8,4,0.666666667,B,42,D,8,reproductive!,2
LV1,Other_Parent,0,10,0,E,17,C,286,vegetative,,,WL2-1,Main_Parent,3,11,0.214285714,B,44,C,109,dead,2
WL2-12,Main_Parent,0,14,0,E,18,C,194,dead,,,SQ3 x WL2,F1,2,9,0.181818182,C,4,A,582,vegetative,1
WV,Other_Parent,1,20,0.047619048,E,20,A,273,vegetative,,,DPR x WL2,F1,8,13,0.380952381,C,5,A,464,vegetative,1
WL2 x DPR,F1,1,8,0.111111111,E,22,C,879,vegetative,,,WL2-1,Main_Parent,3,11,0.214285714,C,5,B,111,vegetative,1
YO11,Other_Parent,0,11,0,E,23,D,318,dead,,,(LV1 x WL2) x WL2,F2,4,24,0.142857143,C,7,A,1145,dead,1
WL2 x WV,F1,1,7,0.125,E,24,A,947,vegetative,,,WL2 x BH,F1,7,11,0.388888889,C,10,A,805,dead,1
YO11,Other_Parent,0,11,0,E,25,C,322,dead,,,LV1 x WL2,F1,3,20,0.130434783,C,15,A,539,dead,1
BH x WL2,F1,1,13,0.071428571,E,27,A,387,measured,,,LV1 x WL2,F1,3,20,0.130434783,C,16,A,520,dead,1
WV,Other_Parent,1,20,0.047619048,E,29,A,265,dead,,,WL1 x WL2,F1,3,21,0.125,C,18,B,841,dead,1
WL2 x DPR,F1,1,8,0.111111111,E,36,B,888,dead,,,DPR x WL2,F1,8,13,0.380952381,C,19,B,476,vegetative,1
LV1,Other_Parent,0,10,0,E,37,C,294,dead,,,DPR x (WL2 x DPR),F2,3,1,0.75,C,20,A,1133,dead,1
WL2-12,Main_Parent,0,14,0,E,41,A,186,dead,,,WL2-1,Main_Parent,3,11,0.214285714,C,32,A,105,dead,1
WV,Other_Parent,1,20,0.047619048,E,44,B,277,vegetative,,,(LV1 x WL2) x WL2,F2,4,24,0.142857143,C,33,A,1139,dead,1
WV,Other_Parent,1,20,0.047619048,F,5,B,269,vegetative,,,TM2-1,Main_Parent,8,4,0.666666667,C,35,A,4,vegetative,1
WL2-12,Main_Parent,0,14,0,F,8,B,190,dead,,,WL2 x BH,F1,7,11,0.388888889,C,38,B,791,vegetative,1
BH x WL2,F1,1,13,0.071428571,F,8,C,375,dead,,,(LV1 x WL2) x WL2,F2,4,24,0.142857143,C,41,B,2024,vegetative,1
YO11,Other_Parent,0,11,0,F,9,C,306,dead,,,WL2-9,Main_Parent,8,6,0.571428571,C,43,A,153,dead,1
LV1,Other_Parent,0,10,0,F,10,B,282,dead,,,WV x (WV x WL2),F2,5,30,0.142857143,C,44,B,2036,vegetative,1
WL2 x WL1,F1,0,9,0,F,12,C,914,dead,,,WV x (WV x WL2),F2,5,30,0.142857143,C,45,A,1093,dead,1
(LV1 x WL2) x (SQ3 x WL2),F2,1,1,0.5,F,13,B,1112,dead,,,WV x (WV x WL2),F2,5,30,0.142857143,C,3,D,2042,dead,2
SQ3,Other_Parent,1,3,0.25,F,20,D,340,dead,,,WL2-1,Main_Parent,3,11,0.214285714,C,5,D,99,vegetative,2
WL2 x WV,F1,1,7,0.125,F,23,C,951,vegetative,,,WL1 x WL2,F1,3,21,0.125,C,8,C,853,dead,2
WL2 x DPR,F1,1,8,0.111111111,F,27,B,887,vegetative,,,(TM2 x WL2) x (TM2 x WL2),F2,4,5,0.444444444,C,9,D,1273,dead,2
YO11,Other_Parent,0,11,0,F,28,D,321,dead,,,WL1,Other_Parent,4,17,0.19047619,C,10,D,360,dead,2
WL2 x WL1,F1,0,9,0,F,31,A,938,dead,,,WL2 x BH,F1,7,11,0.388888889,C,12,C,785,dead,2
WL2-12,Main_Parent,0,14,0,F,32,B,185,dead,,,WV x (WV x WL2),F2,5,30,0.142857143,C,12,D,1099,vegetative,2
WV,Other_Parent,1,20,0.047619048,F,35,C,276,vegetative,,,WL2-8,Main_Parent,6,8,0.428571429,C,18,D,135,missing,2
WV,Other_Parent,1,20,0.047619048,F,42,A,264,dead,,,WL2-10,Main_Parent,3,11,0.214285714,C,19,C,159,vegetative,2
LV1,Other_Parent,0,10,0,F,43,D,293,dead,,,WL2 x YO11,F1,2,6,0.25,C,22,D,965,missing,2
,,,,,,,,,,,,WV x (WV x WL2),F2,5,30,0.142857143,C,23,D,1087,dead,2
,,,,,,,,,,,,TM2-3,Main_Parent,5,3,0.625,C,25,C,30,dead,2
,,,,,,,,,,,,WL1 x WL2,F1,3,21,0.125,C,26,D,859,dead,2
,,,,,,,,,,,,WL1 x WL2,F1,3,21,0.125,C,28,D,847,dead,2
,,,,,,,,,,,,WV x (WV x WL2),F2,5,30,0.142857143,C,32,C,1105,missing,2
,,,,,,,,,,,,(LV1 x WL2) x WL2,F2,4,24,0.142857143,C,38,C,1151,dead,2
,,,,,,,,,,,,(WV x WL2) x WV,F2,3,10,0.230769231,D,2,A,1336,dead,1
,,,,,,,,,,,,WL1,Other_Parent,4,17,0.19047619,D,5,A,352,dead,1
,,,,,,,,,,,,WL2 x BH,F1,7,11,0.388888889,D,8,B,789,dead,1
,,,,,,,,,,,,WL2-8,Main_Parent,6,8,0.428571429,D,10,B,139,missing,1
,,,,,,,,,,,,LV1 x WL2,F1,3,20,0.130434783,D,14,B,543,dead,1
,,,,,,,,,,,,WL2-1,Main_Parent,3,11,0.214285714,D,20,B,103,vegetative,1
,,,,,,,,,,,,(LV1 x WL2) x WL2,F2,4,24,0.142857143,D,21,A,2022,dead,1
,,,,,,,,,,,,WL2 x YO11,F1,2,6,0.25,D,23,A,978,vegetative,1
,,,,,,,,,,,,LV1 x WL2,F1,3,20,0.130434783,D,24,A,526,dead,1
,,,,,,,,,,,,(LV1 x WL2) x WL2,F2,4,24,0.142857143,D,26,A,1146,dead,1
,,,,,,,,,,,,WV x (WV x WL2),F2,5,30,0.142857143,D,27,B,2043,vegetative,1
,,,,,,,,,,,,WL1 x WL2,F1,3,21,0.125,D,28,B,842,dead,1
,,,,,,,,,,,,WL2-10,Main_Parent,3,11,0.214285714,D,34,A,160,dead,1
,,,,,,,,,,,,LV1 x WL2,F1,3,20,0.130434783,D,40,B,540,vegetative,1
,,,,,,,,,,,,(SQ3 x WL2) x WL2,F2,2,1,0.666666667,D,41,B,1173,vegetative,1
,,,,,,,,,,,,WL2-3,Main_Parent,4,10,0.285714286,D,2,C,115,vegetative,2
,,,,,,,,,,,,(LV1 x WL2) x WL2,F2,4,24,0.142857143,D,6,D,1149,dead,2
,,,,,,,,,,,,WL1,Other_Parent,4,17,0.19047619,D,7,C,364,dead,2
,,,,,,,,,,,,LV1 x WL2,F1,3,20,0.130434783,D,7,D,531,dead,2
,,,,,,,,,,,,WV x (WV x WL2),F2,5,30,0.142857143,D,8,C,1103,dead,2
,,,,,,,,,,,,WV x (WV x WL2),F2,5,30,0.142857143,D,10,C,1091,vegetative,2
,,,,,,,,,,,,WL2-10,Main_Parent,3,11,0.214285714,D,15,C,163,dead,2
,,,,,,,,,,,,SQ3 x WL2,F1,2,9,0.181818182,D,16,C,590,dead,2
,,,,,,,,,,,,(LV1 x WL2) x WL2,F2,4,24,0.142857143,D,19,D,1137,dead,2
,,,,,,,,,,,,WV x (WV x WL2),F2,5,30,0.142857143,D,20,C,2034,vegetative,2
,,,,,,,,,,,,WL2-11,Main_Parent,2,12,0.142857143,D,22,C,175,dead,2
,,,,,,,,,,,,SQ3 x WL2,F1,2,9,0.181818182,D,24,D,583,dead,2
,,,,,,,,,,,,WL1,Other_Parent,4,17,0.19047619,D,25,C,361,dead,2
,,,,,,,,,,,,(TM2 x WL2) x (TM2 x WL2),F2,4,5,0.444444444,D,25,D,1274,vegetative,2
,,,,,,,,,,,,WL2 x YO11,F1,2,6,0.25,D,28,D,968,dead,2
,,,,,,,,,,,,WV x (WV x WL2),F2,5,30,0.142857143,D,29,C,2031,dead,2
,,,,,,,,,,,,WL1,Other_Parent,4,17,0.19047619,D,29,D,349,missing,2
,,,,,,,,,,,,WL2-1,Main_Parent,3,11,0.214285714,D,30,C,100,vegetative,2
,,,,,,,,,,,,WL2-9,Main_Parent,8,6,0.571428571,D,32,D,148,vegetative,2
,,,,,,,,,,,,(LV1 x WL2) x WL2,F2,4,24,0.142857143,D,33,C,2019,dead,2
,,,,,,,,,,,,WV x (WV x WL2),F2,5,30,0.142857143,D,34,D,1100,dead,2
,,,,,,,,,,,,WL2-11,Main_Parent,2,12,0.142857143,D,36,C,172,dead,2
,,,,,,,,,,,,DPR x WL2,F1,8,13,0.380952381,D,37,C,465,reproductive!,2
,,,,,,,,,,,,WL1 x WL2,F1,3,21,0.125,D,37,D,854,dead,2
,,,,,,,,,,,,WL2-3,Main_Parent,4,10,0.285714286,D,38,C,124,dead,2
,,,,,,,,,,,,WV x (WV x WL2),F2,5,30,0.142857143,D,40,D,1088,vegetative,2
,,,,,,,,,,,,WL2 x BH,F1,7,11,0.388888889,D,42,D,806,reproductive!,2
,,,,,,,,,,,,TM2 x BH,F1,8,3,0.727272727,D,43,C,615,reproductive!,2
,,,,,,,,,,,,(WV x WL2) x WV,F2,3,10,0.230769231,D,43,D,1350,dead,2
,,,,,,,,,,,,(TM2 x WL2) x (TM2 x BH),F2,5,4,0.555555556,D,44,D,1258,reproductive!,2
,,,,,,,,,,,,TM2-1,Main_Parent,8,4,0.666666667,D,45,C,12,dead,2
,,,,,,,,,,,,DPR x WL2,F1,8,13,0.380952381,D,45,D,482,vegetative,2
,,,,,,,,,,,,LV1 x WL2,F1,3,20,0.130434783,E,4,A,519,dead,1
,,,,,,,,,,,,DPR x WL2,F1,8,13,0.380952381,E,4,B,463,dead,1
,,,,,,,,,,,,WL2-10,Main_Parent,3,11,0.214285714,E,5,B,158,dead,1
,,,,,,,,,,,,WL1 x WL2,F1,3,21,0.125,E,6,B,852,dead,1
,,,,,,,,,,,,WL2-11,Main_Parent,2,12,0.142857143,E,7,A,182,vegetative,1
,,,,,,,,,,,,WV x (WV x WL2),F2,5,30,0.142857143,E,11,A,1086,vegetative,1
,,,,,,,,,,,,(TM2 x WL2) x (TM2 x WL2),F2,4,5,0.444444444,E,13,A,1271,vegetative,1
,,,,,,,,,,,,WV x (WV x WL2),F2,5,30,0.142857143,E,14,B,2041,dead,1
,,,,,,,,,,,,WL1,Other_Parent,4,17,0.19047619,E,15,B,347,dead,1
,,,,,,,,,,,,WL2-11,Main_Parent,2,12,0.142857143,E,21,B,170,dead,1
,,,,,,,,,,,,LV1 x WL2,F1,3,20,0.130434783,E,22,A,538,vegetative,1
,,,,,,,,,,,,TM2-6,Main_Parent,9,1,0.9,E,24,B,71,dead,1
,,,,,,,,,,,,WL1 x WL2,F1,3,21,0.125,E,25,B,856,dead,1
,,,,,,,,,,,,WL1,Other_Parent,4,17,0.19047619,E,26,B,351,dead,1
,,,,,,,,,,,,WL2 x YO11,F1,2,6,0.25,E,30,A,975,dead,1
,,,,,,,,,,,,LV1 x WL2,F1,3,20,0.130434783,E,31,A,542,dead,1
,,,,,,,,,,,,WL2-1,Main_Parent,3,11,0.214285714,E,31,B,102,dead,1
,,,,,,,,,,,,WL2-11,Main_Parent,2,12,0.142857143,E,35,A,174,dead,1
,,,,,,,,,,,,TM2 x WV,F1,10,1,0.909090909,E,35,B,739,reproductive!,1
,,,,,,,,,,,,LV1 x WL2,F1,3,20,0.130434783,E,37,A,530,vegetative,1
,,,,,,,,,,,,WL2-8,Main_Parent,6,8,0.428571429,E,38,A,138,vegetative,1
,,,,,,,,,,,,SQ3 x WL2,F1,2,9,0.181818182,E,39,B,586,vegetative,1
,,,,,,,,,,,,WV x (WV x WL2),F2,5,30,0.142857143,E,42,A,1102,vegetative,1
,,,,,,,,,,,,WL2-3,Main_Parent,4,10,0.285714286,E,43,B,114,vegetative,1
,,,,,,,,,,,,DPR x WL2,F1,8,13,0.380952381,E,45,A,467,vegetative,1
,,,,,,,,,,,,WV x (WV x WL2),F2,5,30,0.142857143,E,2,D,2029,vegetative,2
,,,,,,,,,,,,(TM2 x WL2) x (TM2 x BH),F2,5,4,0.555555556,E,4,C,1256,reproductive!,2
,,,,,,,,,,,,WL1 x WL2,F1,3,21,0.125,E,7,D,840,dead,2
,,,,,,,,,,,,WL2-3,Main_Parent,4,10,0.285714286,E,8,C,122,vegetative,2
,,,,,,,,,,,,(WV x WL2) x WV,F2,3,10,0.230769231,E,8,D,1348,dead,2
,,,,,,,,,,,,WL1,Other_Parent,4,17,0.19047619,E,10,D,359,dead,2
,,,,,,,,,,,,(LV1 x WL2) x WL2,F2,4,24,0.142857143,E,13,C,1144,vegetative,2
,,,,,,,,,,,,WV x (WV x WL2),F2,5,30,0.142857143,E,15,D,1098,dead,2
,,,,,,,,,,,,WL2-9,Main_Parent,8,6,0.571428571,E,16,D,146,dead,2
,,,,,,,,,,,,WL2 x YO11,F1,2,6,0.25,E,19,C,960,dead,2
,,,,,,,,,,,,WL2-10,Main_Parent,3,11,0.214285714,E,28,C,162,dead,2
,,,,,,,,,,,,(TM2 x WL2) x (TM2 x BH),F2,5,4,0.555555556,E,29,D,1261,reproductive!,2
,,,,,,,,,,,,WL1,Other_Parent,4,17,0.19047619,E,30,C,363,dead,2
,,,,,,,,,,,,WL2 x BH,F1,7,11,0.388888889,E,31,C,788,reproductive!,2
,,,,,,,,,,,,(WV x WL2) x WV,F2,3,10,0.230769231,E,33,C,1335,vegetative,2
,,,,,,,,,,,,WV x (WV x WL2),F2,5,30,0.142857143,E,33,D,2033,dead,2
,,,,,,,,,,,,TM2 x YO11,F1,9,2,0.818181818,E,34,C,757,reproductive!,2
,,,,,,,,,,,,TM2 x BH,F1,8,3,0.727272727,E,37,D,617,reproductive!,2
,,,,,,,,,,,,WL2-3,Main_Parent,4,10,0.285714286,E,38,D,126,vegetative,2
,,,,,,,,,,,,DPR x WL2,F1,8,13,0.380952381,E,40,D,484,dead,2
,,,,,,,,,,,,(TM2 x WL2) x (YO11 x WL2),F2,5,3,0.625,E,41,C,1301,reproductive!,2
,,,,,,,,,,,,(LV1 x WL2) x WL2,F2,4,24,0.142857143,E,41,D,1136,vegetative,2
,,,,,,,,,,,,WV x (WV x WL2),F2,5,30,0.142857143,E,44,D,1090,vegetative,2
,,,,,,,,,,,,(WV x WL2) x WV,F2,3,10,0.230769231,F,4,B,1339,dead,1
,,,,,,,,,,,,WL2-8,Main_Parent,6,8,0.428571429,F,6,A,130,dead,1
,,,,,,,,,,,,WL2-11,Main_Parent,2,12,0.142857143,F,9,B,178,dead,1
,,,,,,,,,,,,WV x (WV x WL2),F2,5,30,0.142857143,F,12,A,2037,vegetative,1
,,,,,,,,,,,,WL1,Other_Parent,4,17,0.19047619,F,15,A,355,dead,1
,,,,,,,,,,,,WL2-10,Main_Parent,3,11,0.214285714,F,16,A,166,vegetative,1
,,,,,,,,,,,,(LV1 x WL2) x WL2,F2,4,24,0.142857143,F,19,A,1140,dead,1
,,,,,,,,,,,,WL1 x WL2,F1,3,21,0.125,F,21,A,860,dead,1
,,,,,,,,,,,,WL2-1,Main_Parent,3,11,0.214285714,F,21,B,106,dead,1
,,,,,,,,,,,,WL2-1,Main_Parent,3,11,0.214285714,F,27,A,101,dead,1
,,,,,,,,,,,,(LV1 x WL2) x WL2,F2,4,24,0.142857143,F,29,A,1147,dead,1
,,,,,,,,,,,,WV x (WV x WL2),F2,5,30,0.142857143,F,31,B,1089,dead,1
,,,,,,,,,,,,(TM2 x WL2) x (TM2 x BH),F2,5,4,0.555555556,F,32,A,1260,missing,1
,,,,,,,,,,,,WL2-8,Main_Parent,6,8,0.428571429,F,33,A,137,dead,1
,,,,,,,,,,,,WL2-3,Main_Parent,4,10,0.285714286,F,33,B,125,vegetative,1
,,,,,,,,,,,,WL1 x WL2,F1,3,21,0.125,F,36,A,855,dead,1
,,,,,,,,,,,,(LV1 x WL2) x WL2,F2,4,24,0.142857143,F,37,B,1135,dead,1
,,,,,,,,,,,,WV x (WV x WL2),F2,5,30,0.142857143,F,39,A,2032,NA,1
,,,,,,,,,,,,LV1 x WL2,F1,3,20,0.130434783,F,40,B,541,dead,1
,,,,,,,,,,,,(WV x WL2) x WV,F2,3,10,0.230769231,F,41,A,1334,dead,1
,,,,,,,,,,,,LV1 x WL2,F1,3,20,0.130434783,F,43,A,529,missing,1
,,,,,,,,,,,,WL2-11,Main_Parent,2,12,0.142857143,F,43,B,173,dead,1
,,,,,,,,,,,,WL1,Other_Parent,4,17,0.19047619,F,45,B,362,dead,1
,,,,,,,,,,,,LV1 x WL2,F1,3,20,0.130434783,F,4,D,515,vegetative,2
,,,,,,,,,,,,TM2-3,Main_Parent,5,3,0.625,F,5,D,31,dead,2
,,,,,,,,,,,,DPR x WL2,F1,8,13,0.380952381,F,6,C,455,dead,2
,,,,,,,,,,,,TM2-7,Main_Parent,9,2,0.818181818,F,6,D,93,dead,2
,,,,,,,,,,,,(LV1 x WL2) x WL2,F2,4,24,0.142857143,F,7,C,2025,dead,2
,,,,,,,,,,,,SQ3 x WL2,F1,2,9,0.181818182,F,10,D,575,missing,2
,,,,,,,,,,,,WL2 x BH,F1,7,11,0.388888889,F,11,D,795,dead,2
,,,,,,,,,,,,WL1 x TM2,F1,7,1,0.875,F,13,C,778,dead,2
,,,,,,,,,,,,WL1 x WL2,F1,3,21,0.125,F,13,D,848,vegetative,2
,,,,,,,,,,,,(LV1 x WL2) x WL2,F2,4,24,0.142857143,F,19,D,1152,vegetative,2
,,,,,,,,,,,,WL2 x CC,F1,3,2,0.6,F,22,C,829,vegetative,2
,,,,,,,,,,,,WV x (WV x WL2),F2,5,30,0.142857143,F,25,C,1101,dead,2
,,,,,,,,,,,,WL1 x WL2,F1,3,21,0.125,F,26,D,843,vegetative,2
,,,,,,,,,,,,WL2 x BH,F1,7,11,0.388888889,F,27,C,787,reproductive!,2
,,,,,,,,,,,,WL1,Other_Parent,4,17,0.19047619,F,30,C,350,dead,2
,,,,,,,,,,,,DPR x WL2,F1,8,13,0.380952381,F,30,D,483,vegetative,2
,,,,,,,,,,,,WL2 x YO11,F1,2,6,0.25,F,40,D,969,dead,2
,,,,,,,,,,,,(LV1 x WL2) x WL2,F2,4,24,0.142857143,F,43,C,2020,vegetative,2