bed.block.order,final.order,AB.CD.order,column.order,status,block,bed,bedrow,bedcol,pop,mf,rep,unique.ID
1,1,1,1,2023-TM2-fruit,NA,A,1,A,TM2,6,11,TM2_6
22,12,1,1,2023-survivor,NA,A,6,B,CC,3,3,CC_3
62,32,1,1,2023-survivor,NA,A,16,B,BH,3,3,BH_3
65,33,1,1,2023-survivor,NA,A,17,A,BH,7,3,BH_7
69,35,1,1,2023-survivor,NA,A,18,A,BH,4,3,BH_4
93,47,1,1,2023-survivor,NA,A,24,A,WL2,7,9,WL2_7
126,64,1,1,2023-survivor,NA,A,32,B,IH,7,4,IH_7
137,69,1,1,2023-survivor,NA,A,35,A,SC,8,4,SC_8
141,71,1,1,2023-survivor,NA,A,36,A,BH,3,4,BH_3
154,78,1,1,2023-survivor,NA,A,39,B,WL2,7,10,WL2_7
169,85,1,1,2023-TM2-fruit,NA,A,43,A,TM2,6,1,TM2_6
178,90,1,1,2023-survivor,NA,A,45,B,IH,2,4,IH_2
190,96,1,1,2023-survivor,NA,A,49,A,YO7,7,23,YO7_7
206,104,1,1,2023-survivor,NA,A,53,A,CC,4,4,CC_4
213,107,1,1,2023-survivor,NA,A,53,B,BH,7,4,BH_7
225,113,1,1,2023-TM2-fruit,NA,A,56,B,TM2,2,12,TM2_2
55,147,2,2,2023-survivor,NA,A,14,D,CC,8,3,CC_8
56,148,2,2,2023-survivor,NA,A,15,C,CC,1,3,CC_1
67,153,2,2,2023-survivor,NA,A,17,D,BH,2,3,BH_2
87,163,2,2,2023-survivor,NA,A,22,D,SC,8,3,SC_8
91,165,2,2,2023-TM2-fruit,NA,A,23,D,TM2,3,3,TM2_3
140,190,2,2,2023-survivor,NA,A,36,C,SC,2,4,SC_2
172,206,2,2,2023-TM2-fruit,NA,A,44,C,TM2,6,3,TM2_6
179,209,2,2,2023-survivor,NA,A,45,D,SC,4,4,SC_4
184,212,2,2,2023-survivor,NA,A,46,D,SQ1,5,10,SQ1_5
200,220,2,2,2023-survivor,NA,A,50,D,IH,6,4,IH_6
219,229,2,2,2023-survivor,NA,A,56,C,IH,1,4,IH_1
232,236,2,2,2023-survivor,NA,A,58,D,YO7,7,13,YO7_7
322,281,3,1,2023-survivor,NA,B,22,A,IH,3,5,IH_3
334,287,3,1,2023-survivor,NA,B,25,A,IH,6,5,IH_6
382,311,3,1,2023-TM2-fruit,NA,B,37,A,TM2,1,16,TM2_1
402,321,3,1,2023-survivor,NA,B,42,A,BH,2,5,BH_2
406,323,3,1,2023-survivor,NA,B,43,A,BH,5,5,BH_5
458,349,3,1,2023-survivor,NA,B,56,A,SC,6,15,SC_6
462,351,3,1,2023-survivor,NA,B,57,A,IH,4,4,IH_4
312,396,4,2,2023-survivor,NA,B,19,D,CC,2,6,CC_2
339,409,4,2,2023-survivor,NA,B,26,C,IH,5,5,IH_5
347,413,4,2,2023-survivor,NA,B,28,C,BH,4,5,BH_4
380,430,4,2,2023-TM2-fruit,NA,B,36,D,TM2,1,4,TM2_1
408,444,4,2,2023-TM2-fruit,NA,B,43,D,TM2,7,10,TM2_7
415,447,4,2,2023-survivor,NA,B,45,C,WL2,1,11,WL2_1
423,451,4,2,2023-survivor,NA,B,47,C,YO7,4,6,YO7_4
459,469,4,2,2023-survivor,NA,B,56,C,TM2,1,3,TM2_1
464,472,4,2,2023-survivor,NA,B,57,D,BH,2,4,BH_2
478,479,5,1,buffer,NA,C,1,A,NA,NA,NA,NA
481,480,5,1,buffer,NA,C,1,B,NA,NA,NA,NA
482,481,5,1,buffer,NA,C,2,A,NA,NA,NA,NA
485,482,5,1,buffer,NA,C,2,B,NA,NA,NA,NA
486,483,5,1,buffer,NA,C,3,A,NA,NA,NA,NA
489,484,5,1,buffer,NA,C,3,B,NA,NA,NA,NA
490,485,5,1,available,A,C,4,A,(WV x WL2) x (WV),6,13,280
493,486,5,1,available,A,C,4,B,(LV1 x WL2) x (TM2 x WL2),2,7,949
494,487,5,1,available,A,C,5,A,TM2,5,70,540
497,488,5,1,available,A,C,5,B,(TM2 x WL2) x (SQ3 x WL2),3,13,317
498,489,5,1,2023-survivor,NA,C,6,A,CC,1,6,CC_1
501,490,5,1,available,A,C,6,B,(WL2 x BH) x (SQ3 x WL2),1,14,1175
502,491,5,1,available,A,C,7,A,(TM2 x WL2) x (TM2 x WL2),8,10,1091
505,492,5,1,available,A,C,7,B,(LV1 x WL2) x (WL2 x DPR),1,13,968
506,493,5,1,available,A,C,8,A,(WL1 x WL2) x (BH x WL2),4,2,333
509,494,5,1,available,A,C,8,B,(TM2 x WL2) x (YO11 x WL2),3,2,374
513,496,5,1,available,A,C,9,B,TM2,2,51,521
514,497,5,1,available,A,C,10,A,BH,2,6,392
517,498,5,1,available,A,C,10,B,(WL1 x WL2) x (WL2 x TM2),1,15,1160
518,499,5,1,available,A,C,11,A,TM2,8,9,479
521,500,5,1,available,A,C,11,B,(WL2 x TM2) x (CC x TM2),4,13,264
522,501,5,1,available,A,C,12,A,WV x TM2,1,7,199
525,502,5,1,available,A,C,12,B,(WL2 x DPR) x (WL2),3,5,1102
526,503,5,1,available,A,C,13,A,(TM2 x WL2) x (TM2),5,2,344
529,504,5,1,available,A,C,13,B,(SQ3 x WL2) x (YO11 x WL2),8,12,1511
530,505,5,1,available,A,C,14,A,WL2,7,3,98
533,506,5,1,available,A,C,14,B,(SQ3 x WL2) x (SQ3 x WL2),6,4,868
534,507,5,1,available,A,C,15,A,WL2,6,30,125
537,508,5,1,available,A,C,15,B,(YO11 x WL2) x (SQ3 x WL2),NA,6,1007
538,509,5,1,available,A,C,16,A,(WL1 x WL2) x (WL2 x CC),4,6,1119
541,510,5,1,available,A,C,16,B,WL2,2,94,189
542,511,5,1,available,A,C,17,A,(LV1 x WL2) x (WL2),buffer,8,71
545,512,5,1,available,A,C,17,B,TM2,NA,37,507
546,513,5,1,available,A,C,18,A,(TM2 x BH) x (TM2 x BH),buffer,2,1336
549,514,5,1,available,A,C,18,B,(LV1 x WL2) x (SQ3 x WL2),buffer,9,980
550,515,5,1,available,A,C,19,A,IH,7,7,IH_7
553,516,5,1,available,A,C,19,B,LV3,5,3,LV3_5
554,517,5,1,available,B,C,20,A,CC,5,6,413
557,518,5,1,available,B,C,20,B,(DPR x WL2) x (YO11 x WL2),5,4,698
558,519,5,1,available,B,C,21,A,WV x TM2,3,22,215
561,520,5,1,available,B,C,21,B,BH,1,21,407
562,521,5,1,available,B,C,22,A,TM2,3,62,532
565,522,5,1,2023-survivor,NA,C,22,B,BH,6,7,BH_6
566,523,5,1,available,B,C,23,A,WV,3,20,469
569,524,5,1,available,B,C,23,B,WL2,1,23,118
570,525,5,1,available,B,C,24,A,(WV x WL2) x (WV),7,14,281
573,526,5,1,available,B,C,24,B,(DPR x WL2) x (WV x WL2),1,3,1459
574,527,5,1,available,B,C,25,A,LV1 x WL2,1,25,1275
577,528,5,1,available,B,C,25,B,(LV1 x WL2) x (WL2),4,9,72
578,529,5,1,available,B,C,26,A,TM2,5,24,494
581,530,5,1,available,B,C,26,B,WL2,2,59,154
582,531,5,1,available,B,C,27,A,(WV) x (WV x WL2),2,12,1398
585,532,5,1,available,B,C,27,B,WV x TM2,2,8,200
586,533,5,1,available,B,C,28,A,TM2,7,10,480
589,534,5,1,available,B,C,28,B,(TM2 x WL2) x (TM2),1,5,347
590,535,5,1,available,B,C,29,A,LV1,6,17,17
593,536,5,1,available,B,C,29,B,(WL1 x WL2) x (BH x WL2),7,10,341
594,537,5,1,available,B,C,30,A,LV1 x TM2,2,4,1228
597,538,5,1,available,B,C,30,B,TM2,6,43,513
598,539,5,1,available,B,C,31,A,(YO11 x WL2) x (WL2),1,13,939
601,540,5,1,available,B,C,31,B,TM2,3,73,543
602,541,5,1,available,B,C,32,A,(TM2 x BH) x (TM2),5,4,1053
605,542,5,1,available,B,C,32,B,TM2 x WL2,2,3,1279
609,544,5,1,available,B,C,33,B,WL2,4,88,183
610,545,5,1,available,B,C,34,A,(YO11 x WL2) x (DPR x WL2),4,4,776
613,546,5,1,available,B,C,34,B,LV1,6,2,2
614,547,5,1,available,B,C,35,A,WL2,6,41,136
617,548,5,1,available,B,C,35,B,(TM2 x BH) x (TM2 x BH),5,14,1348
618,549,5,1,available,B,C,36,A,SQ1,14,7,SQ1_14
621,550,5,1,2023-survivor,NA,C,36,B,SC,2,19,SC_2
622,551,5,1,available,C,C,37,A,WL2,5,50,145
625,552,5,1,available,C,C,37,B,TM2 x WL2,3,13,1289
626,553,5,1,available,C,C,38,A,CC x TM2,3,12,1362
629,554,5,1,available,C,C,38,B,WL2,6,33,128
630,555,5,1,available,C,C,39,A,(TM2 x BH) x (TM2 x BH),4,13,1347
633,556,5,1,available,C,C,39,B,(YO11 x WL2) x (SQ3 x WL2),8,2,1003
634,557,5,1,available,C,C,40,A,(WL2 x BH) x (SQ3 x WL2),5,1,1162
637,558,5,1,2023-survivor,NA,C,40,B,BH,1,7,BH_1
638,559,5,1,available,C,C,41,A,(DPR) x (WL2 x DPR),7,12,738
641,560,5,1,available,C,C,41,B,WL2,1,5,100
642,561,5,1,available,C,C,42,A,(WL2 x DPR) x (TM2 x WL2),6,1,1314
645,562,5,1,available,C,C,42,B,(SQ3 x WL2) x (TM2 x WL2),2,10,888
646,563,5,1,available,C,C,43,A,(LV1 x WL2) x (WL2),3,10,73
649,564,5,1,available,C,C,43,B,(TM2 x WL2) x (TM2),4,13,355
650,565,5,1,available,C,C,44,A,TM2,5,11,481
653,566,5,1,available,C,C,44,B,LV1 x TM2,3,5,1229
654,567,5,1,2023-survivor,NA,C,45,A,BH,7,7,BH_7
657,568,5,1,available,C,C,45,B,(WL1 x WL2) x (WL2 x CC),9,8,1121
658,569,5,1,available,C,C,46,A,WV,1,3,452
661,570,5,1,available,C,C,46,B,LV1,5,20,20
662,571,5,1,available,C,C,47,A,WL2,6,92,187
665,572,5,1,2023-survivor,NA,C,47,B,IH,2,7,IH_2
666,573,5,1,available,C,C,48,A,(TM2 x WL2) x (WL2),4,5,361
669,574,5,1,available,C,C,48,B,(WL2 x BH) x (WL2 x TM2),2,8,243
670,575,5,1,available,C,C,49,A,(WL2 x CC) x (WL2 x TM2),5,10,1187
673,576,5,1,available,C,C,49,B,WV x TM2,buffer,9,201
674,577,5,1,available,C,C,50,A,(WL2) x (DPR x WL2),8,13,907
677,578,5,1,available,C,C,50,B,BH,8,18,404
678,579,5,1,available,C,C,51,A,CP2,2,6,CP2_2
681,580,5,1,available,C,C,51,B,YO11,5,1,YO11_5
682,581,5,1,available,D,C,52,A,WV x WL2,4,7,1409
685,582,5,1,available,D,C,52,B,(LV1 x WL2) x (WL2),5,11,74
686,583,5,1,available,D,C,53,A,(WL2 x BH) x (WL2 x TM2),9,13,248
689,584,5,1,2023-survivor,NA,C,53,B,IH,3,8,IH_3
690,585,5,1,available,D,C,54,A,LV1 x WL2,3,5,1255
693,586,5,1,2023-TM2-fruit,NA,C,54,B,TM2,1,14,TM2_1
694,587,5,1,2023-survivor,NA,C,55,A,YO7,1,4,YO7_1
697,588,5,1,available,D,C,55,B,(WL1 x WL2) x (WL2 x CC),1,11,1124
698,589,5,1,available,D,C,56,A,(DPR) x (WL2 x DPR),2,13,739
701,590,5,1,available,D,C,56,B,LV1 x TM2,4,17,1241
702,591,5,1,available,D,C,57,A,SQ3,2,13,34
705,592,5,1,available,D,C,57,B,WV,5,4,453
706,593,5,1,available,D,C,58,A,BH,3,9,395
709,594,5,1,available,D,C,58,B,(WL2 x TM2) x (CC x TM2),4,16,267
710,595,5,1,buffer,NA,C,59,A,NA,NA,NA,NA
713,596,5,1,buffer,NA,C,59,B,NA,NA,NA,NA
714,597,5,1,buffer,NA,C,60,A,NA,NA,NA,NA
717,598,5,1,buffer,NA,C,60,B,NA,NA,NA,NA
479,599,6,2,buffer,NA,C,1,C,NA,NA,NA,NA
480,600,6,2,buffer,NA,C,1,D,NA,NA,NA,NA
483,601,6,2,buffer,NA,C,2,C,NA,NA,NA,NA
484,602,6,2,buffer,NA,C,2,D,NA,NA,NA,NA
487,603,6,2,buffer,NA,C,3,C,NA,NA,NA,NA
488,604,6,2,buffer,NA,C,3,D,NA,NA,NA,NA
491,605,6,2,available,A,C,4,C,(LV1 x WL2) x (YO11 x WL2),5,2,987
495,607,6,2,available,A,C,5,C,(BH) x (TM2 x BH),6,4,666
496,608,6,2,available,A,C,5,D,(SQ3 x WL2) x (WL2),NA,8,87
499,609,6,2,available,A,C,6,C,LV1 x TM2,5,3,1227
500,610,6,2,available,A,C,6,D,(WL2 x CC) x (WL2 x TM2),7,8,1185
503,611,6,2,available,A,C,7,C,WV,4,2,451
504,612,6,2,available,A,C,7,D,TM2,10,17,487
507,613,6,2,available,A,C,8,C,WL2,1,72,167
508,614,6,2,available,A,C,8,D,SQ3 x WL2,4,26,662
511,615,6,2,available,A,C,9,C,(TM2 x BH) x (BH),5,10,752
512,616,6,2,available,A,C,9,D,(SQ3 x WL2) x (TM2 x WL2),7,8,886
515,617,6,2,available,A,C,10,C,WL1,7,20,303
516,618,6,2,2023-survivor,NA,C,10,D,BH,3,6,BH_3
519,619,6,2,available,A,C,11,C,(WL2) x (WV x WL2),4,5,763
520,620,6,2,available,A,C,11,D,(WV) x (WV x WL2),3,11,1397
523,621,6,2,available,A,C,12,C,TM2 x WL2,3,10,1286
524,622,6,2,available,A,C,12,D,LV1,5,1,1
527,623,6,2,available,A,C,13,C,(DPR) x (WL2 x DPR),7,10,736
528,624,6,2,available,A,C,13,D,LV1 x TM2,7,21,1245
531,625,6,2,available,A,C,14,C,WL2,6,54,149
532,626,6,2,available,A,C,14,D,WV x WL2,6,21,1423
535,627,6,2,available,A,C,15,C,SQ3,7,20,41
536,628,6,2,available,A,C,15,D,TM2,7,90,560
539,629,6,2,available,A,C,16,C,WL2,4,35,130
540,630,6,2,available,A,C,16,D,(YO11 x WL2) x (WL2),buffer,6,932
543,631,6,2,available,A,C,17,C,(TM2 x WL2) x (WL2),buffer,15,371
544,632,6,2,available,A,C,17,D,BH x TM2,NA,16,600
547,633,6,2,available,A,C,18,C,WL1*,buffer,buffer,WL1*_buffer
548,634,6,2,available,A,C,18,D,WL1*,buffer,buffer,WL1*_buffer
551,635,6,2,available,B,C,19,C,(TM2 x WL2) x (SQ3 x WL2),4,5,309
552,636,6,2,available,B,C,19,D,WL1,5,15,298
555,637,6,2,available,B,C,20,C,(YO11 x WL2) x (WL2 x TM2),5,3,790
556,638,6,2,available,B,C,20,D,(WL1 x WL2) x (WL2 x CC),7,10,1123
559,639,6,2,available,B,C,21,C,(WL2 x CC) x (SQ3 x WL2),6,7,1311
560,640,6,2,available,B,C,21,D,(WL2 x CC) x (WL2 x TM2),5,9,1186
563,641,6,2,available,B,C,22,C,(SQ3 x WL2) x (WL2),6,9,88
564,642,6,2,available,B,C,22,D,(DPR) x (WL2 x DPR),7,11,737
567,643,6,2,available,B,C,23,C,WL2,8,75,170
568,644,6,2,2023-survivor,NA,C,23,D,TM2,4,12,TM2_4
571,645,6,2,available,B,C,24,C,LV1 x TM2,6,19,1243
572,646,6,2,available,B,C,24,D,WL2,2,4,99
575,647,6,2,available,B,C,25,C,(TM2 x WL2) x (WL2),8,8,364
576,648,6,2,available,B,C,25,D,(WL2 x DPR) x (WL2),8,11,1108
587,653,6,2,available,B,C,28,C,(WL2 x BH) x (WL2 x TM2),4,16,251
588,654,6,2,available,B,C,28,D,(WL2 x TM2) x (CC x TM2),8,14,265
591,655,6,2,available,B,C,29,C,(DPR) x (DPR x WL2),1,1,711
592,656,6,2,available,B,C,29,D,BH,5,7,393
595,657,6,2,2023-survivor,NA,C,30,C,BH,4,7,BH_4
596,658,6,2,available,B,C,30,D,(LV1 x WL2) x (WL2 x DPR),6,6,961
599,659,6,2,available,B,C,31,C,(YO11 x WL2) x (TM2 x WL2),7,11,827
600,660,6,2,available,B,C,31,D,(SQ3 x WL2) x (LV1 x WL2),2,5,853
603,661,6,2,available,B,C,32,C,(TM2 x BH) x (BH),4,11,753
604,662,6,2,2023-TM2-fruit,NA,C,32,D,TM2,7,12,TM2_7
607,663,6,2,2023-TM2-fruit,NA,C,33,C,TM2,2,5,TM2_2
608,664,6,2,available,B,C,33,D,WL2 x BH,3,3,832
611,665,6,2,available,B,C,34,C,TM2,4,94,564
612,666,6,2,available,B,C,34,D,(LV1 x WL2) x (YO11 x WL2),8,5,990
615,667,6,2,available,B,C,35,C,WL2,8,13,WL2_8
616,668,6,2,available,B,C,35,D,IH,6,7,IH_6
619,669,6,2,available,B,C,36,C,CC,1,7,CC_1
620,670,6,2,available,C,C,36,D,WV x TM2,6,21,214
623,671,6,2,2023-survivor,NA,C,37,C,CC,2,7,CC_2
624,672,6,2,available,C,C,37,D,(DPR) x (DPR x WL2),5,4,714
627,673,6,2,2023-survivor,NA,C,38,C,YO7,1,3,YO7_1
628,674,6,2,available,C,C,38,D,TM2,3,69,539
631,675,6,2,available,C,C,39,C,(WV x WL2) x (WV),6,15,282
632,676,6,2,available,C,C,39,D,(WL2 x DPR) x (WL2),8,1,1098
635,677,6,2,available,C,C,40,C,TM2,6,19,489
636,678,6,2,available,C,C,40,D,WL2,8,31,126
639,679,6,2,available,C,C,41,C,(WL2 x TM2) x (CC x TM2),8,15,266
640,680,6,2,available,C,C,41,D,(LV1 x WL2) x (YO11 x WL2),6,4,989
643,681,6,2,available,C,C,42,C,WL2,7,79,174
644,682,6,2,available,C,C,42,D,TM2,10,83,553
647,683,6,2,available,C,C,43,C,(WL1 x WL2) x (WL2 x TM2),2,11,1156
648,684,6,2,available,C,C,43,D,(TM2 x BH) x (TM2 x WL2),3,15,1048
651,685,6,2,available,C,C,44,C,LV1 x WL2,5,2,1252
652,686,6,2,available,C,C,44,D,(TM2 x WL2) x (TM2 x WL2),7,4,1085
656,688,6,2,available,C,C,45,D,BH,4,8,394
660,690,6,2,available,C,C,46,D,DPR,4,1,429
663,691,6,2,available,C,C,47,C,TM2,4,58,528
664,692,6,2,available,C,C,47,D,(WV) x (WV x WL2),4,13,1399
667,693,6,2,available,C,C,48,C,LV1,4,3,3
668,694,6,2,available,C,C,48,D,(LV1 x WL2) x (TM2 x WL2),4,4,946
671,695,6,2,available,C,C,49,C,(SQ3 x WL2) x (WL2),7,10,89
672,696,6,2,available,C,C,49,D,TM2,buffer,48,518
675,697,6,2,available,C,C,50,C,SQ3,4,16,37
676,698,6,2,available,C,C,50,D,(TM2 x BH) x (BH),7,12,754
679,699,6,2,available,C,C,51,C,IH,4,8,IH_4
680,700,6,2,available,C,C,51,D,LV1,4,7,LV1_4
683,701,6,2,available,D,C,52,C,(TM2 x BH) x (TM2),8,13,1062
684,702,6,2,available,D,C,52,D,(WL2 x CC) x (WL2 x TM2),2,11,1188
687,703,6,2,available,D,C,53,C,LV1,5,4,4
688,704,6,2,2023-TM2-fruit,NA,C,53,D,TM2,7,13,TM2_7
691,705,6,2,available,D,C,54,C,(SQ3 x WL2) x (TM2 x WL2),7,7,885
692,706,6,2,available,D,C,54,D,TM2,1,56,526
695,707,6,2,available,D,C,55,C,WV x TM2,6,10,202
696,708,6,2,available,D,C,55,D,(WL1 x TM2) x (WL2 x TM2),7,1,321
699,709,6,2,available,D,C,56,C,(YO11 x WL2) x (WV x WL2),7,4,842
700,710,6,2,available,D,C,56,D,(TM2 x WL2) x (YO11 x WL2),1,4,376
703,711,6,2,available,D,C,57,C,(LV1 x WL2) x (WL2 x DPR),7,2,957
704,712,6,2,available,D,C,57,D,(WL1 x WL2) x (WL2 x TM2),5,3,1148
707,713,6,2,available,D,C,58,C,LV1,2,21,21
708,714,6,2,available,D,C,58,D,WL2,8,81,176
711,715,6,2,buffer,NA,C,59,C,NA,NA,NA,NA
712,716,6,2,buffer,NA,C,59,D,NA,NA,NA,NA
715,717,6,2,buffer,NA,C,60,C,NA,NA,NA,NA
716,718,6,2,buffer,NA,C,60,D,NA,NA,NA,NA
718,719,7,1,buffer,NA,D,1,A,NA,NA,NA,NA
721,720,7,1,buffer,NA,D,1,B,NA,NA,NA,NA
722,721,7,1,buffer,NA,D,2,A,NA,NA,NA,NA
725,722,7,1,buffer,NA,D,2,B,NA,NA,NA,NA
726,723,7,1,buffer,NA,D,3,A,NA,NA,NA,NA
729,724,7,1,buffer,NA,D,3,B,NA,NA,NA,NA
730,725,7,1,available,D,D,4,A,(DPR) x (DPR x WL2),5,14,724
733,726,7,1,available,D,D,4,B,(WL2) x (DPR x WL2),7,12,906
734,727,7,1,available,D,D,5,A,LV1 x TM2,4,6,1230
741,730,7,1,available,D,D,6,B,(SQ3 x WL2) x (WL2),NA,11,90
746,733,7,1,available,D,D,8,A,WL2,NA,6,101
750,735,7,1,available,D,D,9,A,(TM2 x BH) x (TM2 x BH),2,16,1350
753,736,7,1,available,D,D,9,B,(YO11 x WL2) x (WL2),NA,11,937
754,737,7,1,available,D,D,10,A,(WV x WL2) x (WV),1,16,283
757,738,7,1,available,D,D,10,B,DPR,1,8,436
758,739,7,1,available,D,D,11,A,WL2,8,18,113
761,740,7,1,available,D,D,11,B,TM2,7,76,546
765,742,7,1,available,D,D,12,B,WL1,6,21,304
766,743,7,1,available,D,D,13,A,NA,NA,NA,NA_NA
769,744,7,1,available,D,D,13,B,LVTR1,6,7,LVTR1_6
770,745,7,1,2023-survivor,NA,D,14,A,IH,7,9,IH_7
773,746,7,1,available,E,D,14,B,LV1,6,5,5
774,747,7,1,available,E,D,15,A,WL2,7,24,119
777,748,7,1,available,E,D,15,B,(SQ3 x WL2) x (WL2),2,12,91
778,749,7,1,available,E,D,16,A,(WV x WL2) x (WV),7,1,268
781,750,7,1,available,E,D,16,B,(WL2 x DPR) x (WL2),3,10,1107
782,751,7,1,2023-survivor,NA,D,17,A,CC,9,9,CC_9
785,752,7,1,available,E,D,17,B,WL2,5,67,162
786,753,7,1,available,E,D,18,A,WV x TM2,2,11,203
789,754,7,1,available,E,D,18,B,BH,6,17,403
790,755,7,1,2023-survivor,NA,D,19,A,TM2,7,18,TM2_7
793,756,7,1,2023-survivor,NA,D,19,B,CC,4,9,CC_4
794,757,7,1,available,E,D,20,A,(LV1 x WL2) x (YO11 x WL2),6,3,988
797,758,7,1,available,E,D,20,B,WL2,3,46,141
798,759,7,1,2023-survivor,NA,D,21,A,SC,5,9,SC_5
801,760,7,1,available,E,D,21,B,(YO11 x WL2) x (WL2 x TM2),6,11,798
802,761,7,1,available,E,D,22,A,WV,3,18,467
805,762,7,1,available,E,D,22,B,BH x TM2,1,23,607
806,763,7,1,available,E,D,23,A,LV1 x TM2,1,7,1231
809,764,7,1,available,E,D,23,B,SQ3,4,1,22
810,765,7,1,available,E,D,24,A,(LV1 x WL2) x (WL2 x DPR),5,14,969
813,766,7,1,2023-survivor,NA,D,24,B,IH,1,9,IH_1
814,767,7,1,available,E,D,25,A,DPR,7,19,447
817,768,7,1,available,E,D,25,B,(TM2 x WL2) x (WL2),2,2,358
818,769,7,1,available,E,D,26,A,(LV1 x WL2) x (TM2 x WL2),8,8,950
821,770,7,1,available,E,D,26,B,WL2,2,53,148
822,771,7,1,available,E,D,27,A,(WV) x (WV x WL2),6,15,1401
825,772,7,1,available,E,D,27,B,(TM2 x BH) x (BH),7,14,756
826,773,7,1,available,E,D,28,A,TM2,2,25,495
829,774,7,1,available,E,D,28,B,LV1 x TM2,4,20,1244
830,775,7,1,available,E,D,29,A,(LV1 x WL2) x (WL2),3,12,75
833,776,7,1,available,E,D,29,B,(TM2 x WL2) x (SQ3 x WL2),5,11,315
834,777,7,1,available,E,D,30,A,TM2,7,1,TM2_7
837,778,7,1,available,E,D,30,B,BH,1,9,BH_1
838,779,7,1,available,F,D,31,A,WL2,3,8,103
841,780,7,1,available,F,D,31,B,(SQ3 x WL2) x (DPR x WL2),1,11,813
842,781,7,1,available,F,D,32,A,(SQ3 x WL2) x (WL2),5,13,92
845,782,7,1,available,F,D,32,B,TM2,8,68,538
846,783,7,1,available,F,D,33,A,(WV x WL2) x (WV),5,2,269
849,784,7,1,available,F,D,33,B,(DPR) x (WL2 x DPR),3,15,741
850,785,7,1,available,F,D,34,A,TM2 x WL2,7,4,1280
854,787,7,1,available,F,D,35,A,(WL2 x DPR) x (WL2),1,4,1101
857,788,7,1,available,F,D,35,B,(WL2 x BH) x (WL2 x TM2),NA,11,246
858,789,7,1,available,F,D,36,A,TM2,4* buffer,33,503
861,790,7,1,available,F,D,36,B,WL2,1* buffer,95,190
862,791,7,1,available,F,D,37,A,(SQ3 x WL2) x (YO11 x WL2),5,15,1514
865,792,7,1,available,F,D,37,B,TM2,7,61,531
866,793,7,1,available,F,D,38,A,(DPR) x (DPR x WL2),8,3,713
869,794,7,1,available,F,D,38,B,LV1,6,6,6
870,795,7,1,available,F,D,39,A,(TM2 x WL2) x (TM2),9,8,350
873,796,7,1,available,F,D,39,B,TM2,8,14,484
874,797,7,1,available,F,D,40,A,DPR x WL2,3,5,1214
877,798,7,1,2023-survivor,NA,D,40,B,BH,7,8,BH_7
878,799,7,1,available,F,D,41,A,(TM2 x BH) x (BH),5,15,757
881,800,7,1,available,F,D,41,B,TM2,1,89,559
882,801,7,1,available,F,D,42,A,LV1 x TM2,2,8,1232
885,802,7,1,available,F,D,42,B,(WL2) x (DPR x WL2),1,3,897
886,803,7,1,available,F,D,43,A,(WL2 x CC) x (WL2 x TM2),7,13,1190
889,804,7,1,available,F,D,43,B,SQ3,8,19,40
890,805,7,1,available,F,D,44,A,CP3,3,1,CP3_3
893,806,7,1,available,F,D,44,B,SQ1,14,6,SQ1_14
894,807,7,1,available,G,D,45,A,WV x TM2,6,13,205
897,808,7,1,available,G,D,45,B,(LV1 x WL2) x (WL2 x DPR),7,5,960
898,809,7,1,available,G,D,46,A,(LV1 x WL2) x (LV1 x WL2),5,6,1023
901,810,7,1,available,G,D,46,B,BH,7,12,398
902,811,7,1,available,G,D,47,A,(WL2) x (DPR x WL2),4,1,895
905,812,7,1,available,G,D,47,B,WL2,1,62,157
906,813,7,1,available,G,D,48,A,TM2,8,15,485
909,814,7,1,available,G,D,48,B,WV x WL2,3,1,1403
910,815,7,1,available,G,D,49,A,LV1,4,7,7
913,816,7,1,available,G,D,49,B,(YO11 x WL2) x (DPR x WL2),6,6,778
914,817,7,1,available,G,D,50,A,(WV x WL2) x (WV),7,3,270
917,818,7,1,available,G,D,50,B,TM2,2,20,490
918,819,7,1,available,G,D,51,A,(LV1 x WL2) x (WL2),5,14,77
921,820,7,1,available,G,D,51,B,BH x WL2,4,22,632
922,821,7,1,available,G,D,52,A,WL1,2,16,299
925,822,7,1,available,G,D,52,B,(WL1 x TM2) x (WL2 x TM2),7,6,326
926,823,7,1,available,G,D,53,A,TM2,6,52,522
929,824,7,1,available,G,D,53,B,(WV x WL2) x (WL2 x DPR),1,3,1327
930,825,7,1,available,G,D,54,A,(WL1 x WL2) x (WL2 x CC),6,4,1117
933,826,7,1,available,G,D,54,B,(WV) x (WV x WL2),8,1,1387
934,827,7,1,available,G,D,55,A,(WL2 x TM2) x (CC x TM2),3,3,254
937,828,7,1,available,G,D,55,B,WL2,2,86,181
938,829,7,1,available,G,D,56,A,TM2,7,88,558
941,830,7,1,available,G,D,56,B,WL2,2,19,114
942,831,7,1,available,G,D,57,A,LV1 x TM2,2,18,1242
945,832,7,1,available,G,D,57,B,(TM2 x BH) x (TM2 x BH),4,10,1344
946,833,7,1,buffer,NA,D,58,A,NA,NA,NA,NA
949,834,7,1,buffer,NA,D,58,B,NA,NA,NA,NA
950,835,7,1,buffer,NA,D,59,A,NA,NA,NA,NA
953,836,7,1,buffer,NA,D,59,B,NA,NA,NA,NA
719,839,8,2,buffer,NA,D,1,C,NA,NA,NA,NA
720,840,8,2,buffer,NA,D,1,D,NA,NA,NA,NA
723,841,8,2,buffer,NA,D,2,C,NA,NA,NA,NA
724,842,8,2,buffer,NA,D,2,D,NA,NA,NA,NA
727,843,8,2,buffer,NA,D,3,C,NA,NA,NA,NA
728,844,8,2,buffer,NA,D,3,D,NA,NA,NA,NA
731,845,8,2,available,D,D,4,C,TM2,1,18,488
732,846,8,2,available,D,D,4,D,TM2,4,34,504
735,847,8,2,available,D,D,5,C,(WL2) x (WV x WL2),2,14,772
736,848,8,2,available,D,D,5,D,WL2,4,70,165
743,851,8,2,available,D,D,7,C,WV x TM2,NA,20,213
747,853,8,2,available,D,D,8,C,(TM2 x BH) x (BH),1,13,755
748,854,8,2,available,D,D,8,D,(TM2 x WL2) x (TM2),NA,3,345
751,855,8,2,available,D,D,9,C,(WV) x (WV x WL2),3,14,1400
752,856,8,2,available,D,D,9,D,WL2,7,40,135
755,857,8,2,available,D,D,10,C,(LV1 x WL2) x (YO11 x WL2),2,1,986
756,858,8,2,available,D,D,10,D,TM2,2,82,552
759,859,8,2,available,D,D,11,C,TM2,5,12,482
760,860,8,2,available,D,D,11,D,(TM2 x WL2) x (WL2),6,3,359
763,861,8,2,available,D,D,12,C,WL2,5,49,144
764,862,8,2,available,D,D,12,D,BH,5,9,BH_5
767,863,8,2,available,D,D,13,C,SQ1,6,9,SQ1_6
768,864,8,2,available,E,D,13,D,(WL1 x WL2) x (WL2 x TM2),5,14,1159
771,865,8,2,available,E,D,14,C,(YO11 x WL2) x (WL2),3,8,934
772,866,8,2,available,E,D,14,D,WL2,8,85,180
775,867,8,2,available,E,D,15,C,(WL1 x TM2) x (WL2 x TM2),4,4,324
776,868,8,2,available,E,D,15,D,WL2,7,7,102
779,869,8,2,available,E,D,16,C,(SQ3 x WL2) x (YO11 x WL2),6,11,1510
780,870,8,2,available,E,D,16,D,BH,3,10,396
783,871,8,2,available,E,D,17,C,(WL2 x BH) x (SQ3 x WL2),3,15,1176
784,872,8,2,available,E,D,17,D,(TM2 x WL2) x (TM2 x WL2),8,3,1084
787,873,8,2,available,E,D,18,C,TM2 x WL2,5,5,1281
788,874,8,2,available,E,D,18,D,TM2,6,78,548
791,875,8,2,available,E,D,19,C,(WL2 x DPR) x (YO11 x WL2),6,10,578
792,876,8,2,available,E,D,19,D,(YO11 x WL2) x (SQ3 x WL2),2,4,1005
795,877,8,2,available,E,D,20,C,TM2,4,39,509
796,878,8,2,available,E,D,20,D,TM2,2,55,525
799,879,8,2,available,E,D,21,C,YO11,2,11,53
800,880,8,2,available,E,D,21,D,(WL2 x TM2) x (CC x TM2),6,1,252
803,881,8,2,available,E,D,22,C,(TM2 x BH) x (TM2 x BH),2,11,1345
804,882,8,2,available,E,D,22,D,(SQ3 x WL2) x (DPR x WL2),7,13,815
807,883,8,2,available,E,D,23,C,(WL1 x WL2) x (BH x WL2),7,7,338
808,884,8,2,available,E,D,23,D,(DPR x WL2) x (YO11 x WL2),8,10,704
811,885,8,2,available,E,D,24,C,(TM2 x WL2) x (TM2),3,6,348
812,886,8,2,available,E,D,24,D,WL1,13,18,301
815,887,8,2,available,E,D,25,C,TM2,4,92,562
816,888,8,2,available,E,D,25,D,(SQ3 x WL2) x (TM2 x WL2),8,4,882
819,889,8,2,available,E,D,26,C,(DPR) x (WL2 x DPR),3,14,740
820,890,8,2,available,E,D,26,D,(WL2) x (TM2 x WL2),6,1,911
823,891,8,2,2023-survivor,NA,D,27,C,CC,2,9,CC_2
824,892,8,2,available,E,D,27,D,(WL1 x WL2) x (WL2 x CC),6,1,1114
827,893,8,2,2023-survivor,NA,D,28,C,SC,8,15,SC_8
828,894,8,2,available,E,D,28,D,TM2,6,13,483
831,895,8,2,available,E,D,29,C,(DPR x WL2) x (WV x WL2),1,13,1469
832,896,8,2,available,E,D,29,D,(WL2 x CC) x (WL2 x TM2),1,12,1189
835,897,8,2,available,E,D,30,C,DPR,8,5,DPR_8
836,898,8,2,available,E,D,30,D,FR,4,8,FR_4
839,899,8,2,available,F,D,31,C,(WL2) x (WV x WL2),2,9,767
840,900,8,2,available,F,D,31,D,(WV) x (WV x WL2),6,16,1402
843,901,8,2,available,F,D,32,C,WL2,4,55,150
844,902,8,2,available,F,D,32,D,WL2,4,34,129
847,903,8,2,available,F,D,33,C,(SQ3 x WL2) x (TM2 x WL2),14,1,879
848,904,8,2,available,F,D,33,D,BH x TM2,10,17,601
851,905,8,2,available,F,D,34,C,WL2,1,32,127
852,906,8,2,available,F,D,34,D,(TM2) x (TM2 x WL2),4,9,228
855,907,8,2,available,F,D,35,C,WV x TM2,3,12,204
856,908,8,2,available,F,D,35,D,SQ3 x WL2,4,4,640
859,909,8,2,available,F,D,36,C,LV1 x WL2,buffer,19,1269
860,910,8,2,available,F,D,36,D,(TM2 x WL2) x (SQ3 x WL2),7,8,312
864,912,8,2,available,F,D,37,D,(TM2 x BH) x (TM2 x BH),buffer,5,1339
867,913,8,2,available,F,D,38,C,BH,NA,11,397
868,914,8,2,available,F,D,38,D,(WL2 x TM2) x (CC x TM2),6,2,253
871,915,8,2,available,F,D,39,C,(WL2 x BH) x (SQ3 x WL2),5,4,1165
872,916,8,2,available,F,D,39,D,(CC x TM2) x (WL2 x TM2),5,2,1430
875,917,8,2,2023-survivor,NA,D,40,C,IH,5,8,IH_5
876,918,8,2,available,F,D,40,D,WV x WL2,2,2,1404
879,919,8,2,available,F,D,41,C,WL2,8,66,161
880,920,8,2,available,F,D,41,D,(YO11 x WL2) x (WL2 x TM2),5,8,795
883,921,8,2,available,F,D,42,C,TM2,6,21,491
884,922,8,2,available,F,D,42,D,(LV1 x WL2) x (WL2),3,13,76
887,923,8,2,available,F,D,43,C,(TM2 x WL2) x (WL2),13,7,363
888,924,8,2,available,F,D,43,D,WL1,2,14,297
891,925,8,2,available,F,D,44,C,TM2,7,19,TM2_7
892,926,8,2,available,F,D,44,D,LV1,1,7,LV1_1
895,927,8,2,available,G,D,45,C,(TM2 x WL2) x (YO11 x WL2),2,13,385
896,928,8,2,available,G,D,45,D,LV1 x TM2,6,9,1233
899,929,8,2,available,G,D,46,C,TM2,3,72,542
900,930,8,2,available,G,D,46,D,(WL2) x (TM2 x WL2),5,7,917
903,931,8,2,available,G,D,47,C,WL2,4,9,104
904,932,8,2,available,G,D,47,D,(TM2 x BH) x (BH),1,16,758
907,933,8,2,available,G,D,48,C,DPR x WL2,6,2,1211
908,934,8,2,available,G,D,48,D,WL2,7,38,133
911,935,8,2,available,G,D,49,C,WV x TM2,8,19,212
912,936,8,2,available,G,D,49,D,(WL2 x CC) x (SQ3 x WL2),1,9,1313
915,937,8,2,available,G,D,50,C,(LV1 x WL2) x (YO11 x WL2),5,7,992
916,938,8,2,available,G,D,50,D,(WL1 x WL2) x (WL2 x TM2),4,9,1154
919,939,8,2,2023-survivor,NA,D,51,C,IH,1,8,IH_1
920,940,8,2,available,G,D,51,D,WL2,7,80,175
923,941,8,2,available,G,D,52,C,LV1 x WL2,1,21,1271
924,942,8,2,available,G,D,52,D,(SQ3 x WL2) x (WL2),8,14,93
927,943,8,2,available,G,D,53,C,(TM2 x WL2) x (SQ3 x WL2),4,6,310
928,944,8,2,available,G,D,53,D,(DPR) x (WL2 x DPR),3,16,742
931,945,8,2,available,G,D,54,C,(WL2 x CC) x (WL2 x TM2),NA,14,1191
932,946,8,2,available,G,D,54,D,(WL2) x (WV x WL2),5,4,762
935,947,8,2,2023-survivor,NA,D,55,C,SC,4,8,SC_4
936,948,8,2,available,G,D,55,D,(YO11 x WL2) x (WL2),3,10,936
939,949,8,2,available,G,D,56,C,TM2,6,41,511
940,950,8,2,available,G,D,56,D,BH x TM2,4,24,608
943,951,8,2,available,G,D,57,C,FR,5,9,FR_5
944,952,8,2,available,G,D,57,D,LV1,2,7,LV1_2
947,953,8,2,buffer,NA,D,58,C,NA,NA,NA,NA
948,954,8,2,buffer,NA,D,58,D,NA,NA,NA,NA
951,955,8,2,buffer,NA,D,59,C,NA,NA,NA,NA
952,956,8,2,buffer,NA,D,59,D,NA,NA,NA,NA
958,959,9,1,buffer,NA,E,1,A,NA,NA,NA,NA
961,960,9,1,buffer,NA,E,1,B,NA,NA,NA,NA
962,961,9,1,buffer,NA,E,2,A,NA,NA,NA,NA
965,962,9,1,buffer,NA,E,2,B,NA,NA,NA,NA
966,963,9,1,buffer,NA,E,3,A,NA,NA,NA,NA
969,964,9,1,buffer,NA,E,3,B,NA,NA,NA,NA
970,965,9,1,available,G,E,4,A,NA,NA,NA,NA_NA
973,966,9,1,available,G,E,4,B,LV1,2,9,LV1_2
974,967,9,1,available,H,E,5,A,(LV1 x WL2) x (WL2 x DPR),4,3,958
977,968,9,1,available,H,E,5,B,WV x TM2,8,25,218
981,970,9,1,available,H,E,6,B,TM2,6,28,498
982,971,9,1,available,H,E,7,A,(DPR x WL2) x (YO11 x WL2),1,6,700
985,972,9,1,available,H,E,7,B,(TM2 x WL2) x (LV1 x WL2),1,4,1496
986,973,9,1,available,H,E,8,A,(SQ3 x WL2) x (TM2 x WL2),7,5,883
989,974,9,1,2023-TM2-fruit,NA,E,8,B,TM2,6,2,TM2_6
990,975,9,1,available,H,E,9,A,(YO11 x WL2) x (WL2),8,2,928
994,977,9,1,available,H,E,10,A,BH,3,13,399
997,978,9,1,available,H,E,10,B,(DPR) x (WL2 x DPR),1,1,727
998,979,9,1,available,H,E,11,A,TM2,7,96,566
1001,980,9,1,available,H,E,11,B,(LV1 x WL2) x (YO11 x WL2),4,13,998
1002,981,9,1,available,H,E,12,A,WL2,6,63,158
1005,982,9,1,available,H,E,12,B,LV1 x WL2,5,3,1253
1006,983,9,1,available,H,E,13,A,WV,7,5,454
1010,985,9,1,available,H,E,14,A,WL2,5,78,173
1013,986,9,1,available,H,E,14,B,SQ3,14,4,25
1014,987,9,1,available,H,E,15,A,LV1,6,8,8
1017,988,9,1,available,H,E,15,B,(YO11 x WL2) x (DPR x WL2),7,5,777
1018,989,9,1,available,H,E,16,A,(DPR x WL2) x (SQ3 x WL2),3,12,690
1021,990,9,1,available,H,E,16,B,WV x TM2,5,14,206
1022,991,9,1,available,H,E,17,A,(WL2) x (WV x WL2),5,12,770
1025,992,9,1,available,H,E,17,B,(LV1 x WL2) x (TM2 x WL2),7,2,944
1026,993,9,1,available,H,E,18,A,(WL2) x (TM2 x WL2),8,6,916
1029,994,9,1,available,H,E,18,B,(TM2 x WL2) x (WL2),6,16,372
1030,995,9,1,available,H,E,19,A,(LV1 x WL2) x (WL2),5,15,78
1033,996,9,1,available,H,E,19,B,WL2,6,10,105
1034,997,9,1,available,H,E,20,A,(WV x WL2) x (WV),2,4,271
1037,998,9,1,available,H,E,20,B,(SQ3 x WL2) x (WL2),14,15,94
1038,999,9,1,2023-survivor,NA,E,21,A,CC,5,10,CC_5
1041,1000,9,1,available,H,E,21,B,CP2,1,8,CP2_1
1042,1001,9,1,2023-survivor,NA,E,22,A,IH,2,10,IH_2
1045,1002,9,1,available,H,E,22,B,LV1,4,9,LV1_4
1046,1003,9,1,available,I,E,23,A,BH,8,14,400
1049,1004,9,1,2023-survivor,NA,E,23,B,WR,3,2,WR_3
1050,1005,9,1,available,I,E,24,A,(WL2) x (WV x WL2),7,3,761
1053,1006,9,1,available,I,E,24,B,DPR,8,3,431
1054,1007,9,1,available,I,E,25,A,(CC x TM2) x (WL2 x TM2),6,1,1429
1057,1008,9,1,2023-TM2-fruit,NA,E,25,B,TM2,1,15,TM2_1
1058,1009,9,1,available,I,E,26,A,WL1,11,13,296
1061,1010,9,1,available,I,E,26,B,TM2,7,93,563
1062,1011,9,1,available,I,E,27,A,(SQ3 x WL2) x (WL2),4,16,95
1065,1012,9,1,available,I,E,27,B,(WL2 x DPR) x (TM2 x WL2),1,6,1319
1066,1013,9,1,available,I,E,28,A,(DPR) x (DPR x WL2),2,5,715
1069,1014,9,1,available,I,E,28,B,WL2,9,56,151
1070,1015,9,1,2023-TM2-fruit,NA,E,29,A,TM2,1,9,TM2_1
1073,1016,9,1,available,I,E,29,B,(DPR x WL2) x (YO11 x WL2),3,13,707
1078,1019,9,1,available,I,E,41,A,(TM2 x BH) x (TM2 x BH),3,8,1342
1081,1020,9,1,available,I,E,41,B,(SQ3 x WL2) x (LV1 x WL2),7,3,851
1082,1021,9,1,available,I,E,42,A,WV x TM2,7,3,207
1085,1022,9,1,available,I,E,42,B,LV1 x TM2,3,24,1248
1086,1023,9,1,available,I,E,43,A,(TM2 x WL2) x (WL2),5,13,369
1089,1024,9,1,available,I,E,43,B,(WV) x (WV x WL2),6,3,1389
1090,1025,9,1,available,I,E,44,A,WL2,9,73,168
1093,1026,9,1,2023-survivor,NA,E,44,B,SC,4,10,SC_4
1094,1027,9,1,available,I,E,45,A,(LV1 x WL2) x (LV1 x WL2),5,8,1025
1097,1028,9,1,available,I,E,45,B,WL2,2,47,142
1098,1029,9,1,available,I,E,46,A,(WL1 x WL2) x (WL2 x TM2),7,2,1147
1101,1030,9,1,2023-survivor,NA,E,46,B,IH,3,11,IH_3
1102,1031,9,1,2023-survivor,NA,E,47,A,BH,4,11,BH_4
1105,1032,9,1,available,I,E,47,B,TM2,6,35,505
1106,1033,9,1,2023-survivor,NA,E,48,A,SC,5,11,SC_5
1109,1034,9,1,available,I,E,48,B,(TM2 x BH) x (TM2 x WL2),2,4,1037
1110,1035,9,1,2023-survivor,NA,E,49,A,YO7,4,3,YO7_4
1113,1036,9,1,2023-survivor,NA,E,49,B,TM2,6,4,TM2_6
1114,1037,9,1,available,I,E,50,A,(YO11 x WL2) x (DPR x WL2),6,2,774
1117,1038,9,1,available,I,E,50,B,(WL2 x CC) x (WL2 x TM2),6,16,1193
1118,1039,9,1,available,I,E,51,A,(WL1 x WL2) x (BH x WL2),8,3,334
1121,1040,9,1,available,I,E,51,B,IH,1,11,IH_1
1122,1041,9,1,buffer,NA,E,52,A,NA,NA,NA,NA
1125,1042,9,1,buffer,NA,E,52,B,NA,NA,NA,NA
1126,1043,9,1,buffer,NA,E,53,A,NA,NA,NA,NA
1129,1044,9,1,buffer,NA,E,53,B,NA,NA,NA,NA
959,1045,10,2,buffer,NA,E,1,C,NA,NA,NA,NA
960,1046,10,2,buffer,NA,E,1,D,NA,NA,NA,NA
963,1047,10,2,buffer,NA,E,2,C,NA,NA,NA,NA
964,1048,10,2,buffer,NA,E,2,D,NA,NA,NA,NA
967,1049,10,2,buffer,NA,E,3,C,NA,NA,NA,NA
968,1050,10,2,buffer,NA,E,3,D,NA,NA,NA,NA
971,1051,10,2,available,H,E,4,C,(DPR x WL2) x (WV x WL2),3,1,1457
972,1052,10,2,available,H,E,4,D,LV1 x TM2,7,10,1234
975,1053,10,2,available,H,E,5,C,(WL2 x BH) x (WL2 x TM2),5,15,250
976,1054,10,2,available,H,E,5,D,(SQ3 x WL2) x (SQ3 x WL2),3,11,875
979,1055,10,2,available,H,E,6,C,TM2,8,57,527
980,1056,10,2,available,H,E,6,D,(TM2 x BH) x (BH),6,1,743
983,1057,10,2,available,H,E,7,C,(WL2 x DPR) x (WL2),2,6,1103
984,1058,10,2,available,H,E,7,D,WV x WL2,1,4,1406
987,1059,10,2,available,H,E,8,C,DPR x WL2,4,3,1212
988,1060,10,2,available,H,E,8,D,TM2,4,16,486
991,1061,10,2,available,H,E,9,C,WL1,6,10,293
992,1062,10,2,available,H,E,9,D,(TM2 x BH) x (TM2 x BH),3,1,1335
995,1063,10,2,available,H,E,10,C,LV1 x TM2,2,23,1247
996,1064,10,2,available,H,E,10,D,(WL2 x CC) x (WL2 x TM2),7,15,1192
999,1065,10,2,available,H,E,11,C,(BH) x (TM2 x BH),5,1,663
1000,1066,10,2,available,H,E,11,D,(TM2 x WL2) x (YO11 x WL2),3,6,378
1003,1067,10,2,available,H,E,12,C,(TM2) x (TM2 x WL2),2,16,235
1004,1068,10,2,available,H,E,12,D,(WL2) x (DPR x WL2),4,15,909
1007,1069,10,2,available,H,E,13,C,BH x TM2,6,21,605
1008,1070,10,2,available,H,E,13,D,(TM2 x WL2) x (DPR x WL2),2,2,1490
1011,1071,10,2,available,H,E,14,C,(TM2 x WL2) x (SQ3 x WL2),6,4,308
1012,1072,10,2,available,H,E,14,D,DPR,2,9,437
1015,1073,10,2,available,H,E,15,C,TM2,3,47,517
1019,1075,10,2,available,H,E,16,C,WL2,7,45,140
1023,1077,10,2,available,H,E,17,C,WL2,3,21,116
1024,1078,10,2,available,H,E,17,D,TM2,1,75,545
1027,1079,10,2,available,H,E,18,C,(WL2 x BH) x (SQ3 x WL2),4,6,1167
1028,1080,10,2,available,H,E,18,D,WL2,2,83,178
1031,1081,10,2,available,H,E,19,C,(WV) x (WV x WL2),1,2,1388
1032,1082,10,2,available,H,E,19,D,(WL2 x TM2) x (CC x TM2),5,4,255
1035,1083,10,2,available,H,E,20,C,CP2,6,1,CP2_6
1036,1084,10,2,2023-survivor,NA,E,20,D,BH,2,10,BH_2
1039,1085,10,2,2023-survivor,NA,E,21,C,YO7,5,5,YO7_5
1040,1086,10,2,available,H,E,21,D,BH,3,10,BH_3
1043,1087,10,2,available,I,E,22,C,TM2,8,98,568
1044,1088,10,2,available,I,E,22,D,LV1 x TM2,6,11,1235
1047,1089,10,2,2023-survivor,NA,E,23,C,BH,1,10,BH_1
1048,1090,10,2,2023-survivor,NA,E,23,D,IH,5,10,IH_5
1051,1091,10,2,available,I,E,24,C,(WV x WL2) x (WV),6,5,272
1052,1092,10,2,available,I,E,24,D,WL2,8,22,117
1055,1093,10,2,available,I,E,25,C,(WL2 x BH) x (WL2 x TM2),5,9,244
1056,1094,10,2,available,I,E,25,D,SQ3 x WL2,6,1,637
1059,1095,10,2,available,I,E,26,C,WL2,2,11,106
1060,1096,10,2,available,I,E,26,D,SQ3,6,5,26
1063,1097,10,2,2023-survivor,NA,E,27,C,BH,4,10,BH_4
1064,1098,10,2,available,I,E,27,D,(LV1 x WL2) x (WL2),8,16,79
1067,1099,10,2,available,I,E,28,C,(TM2 x BH) x (BH),1,2,744
1068,1100,10,2,available,I,E,28,D,LV1,4,9,9
1071,1101,10,2,available,I,E,29,C,WL2,7,87,182
1072,1102,10,2,2023-survivor,NA,E,29,D,IH,4,10,IH_4
1079,1105,10,2,available,I,E,41,C,(LV1 x WL2) x (WL2 x DPR),1,1,956
1080,1106,10,2,available,I,E,41,D,(WL2) x (DPR x WL2),5,10,904
1083,1107,10,2,available,I,E,42,C,WV x WL2,2,22,1424
1084,1108,10,2,available,I,E,42,D,(WL2 x TM2) x (CC x TM2),3,5,256
1087,1109,10,2,available,I,E,43,C,LV1 x WL2,2,9,1259
1088,1110,10,2,2023-survivor,NA,E,43,D,IH,1,10,IH_1
1091,1111,10,2,available,I,E,44,C,WV,2,21,470
1092,1112,10,2,available,I,E,44,D,(YO11 x WL2) x (WL2),1,14,940
1095,1113,10,2,available,I,E,45,C,(WL1 x WL2) x (WL2 x CC),3,7,1120
1096,1114,10,2,available,I,E,45,D,TM2,3,1,471
1099,1115,10,2,available,I,E,46,C,BH x TM2,2,10,594
1100,1116,10,2,available,I,E,46,D,TM2,2,79,549
1103,1117,10,2,available,I,E,47,C,WV x TM2,4,23,216
1104,1118,10,2,available,I,E,47,D,TM2,4,30,500
1107,1119,10,2,available,I,E,48,C,(WL1 x TM2) x (WL2 x TM2),2,8,328
1108,1120,10,2,available,I,E,48,D,(DPR) x (WL2 x DPR),1,2,728
1111,1121,10,2,available,I,E,49,C,(TM2 x WL2) x (YO11 x WL2),8,8,380
1112,1122,10,2,available,I,E,49,D,TM2,4,49,519
1115,1123,10,2,available,I,E,50,C,(TM2 x WL2) x (SQ3 x WL2),7,14,318
1116,1124,10,2,2023-survivor,NA,E,50,D,IH,5,11,IH_5
1119,1125,10,2,available,I,E,51,C,LVTR1,6,9,LVTR1_6
1120,1126,10,2,available,I,E,51,D,BH,1,11,BH_1
1123,1127,10,2,buffer,NA,E,52,C,NA,NA,NA,NA
1124,1128,10,2,buffer,NA,E,52,D,NA,NA,NA,NA
1127,1129,10,2,buffer,NA,E,53,C,NA,NA,NA,NA
1128,1130,10,2,buffer,NA,E,53,D,NA,NA,NA,NA
1130,1131,11,1,buffer,NA,F,1,A,NA,NA,NA,NA
1133,1132,11,1,buffer,NA,F,1,B,NA,NA,NA,NA
1134,1133,11,1,buffer,NA,F,2,A,NA,NA,NA,NA
1137,1134,11,1,buffer,NA,F,2,B,NA,NA,NA,NA
1138,1135,11,1,buffer,NA,F,3,A,NA,NA,NA,NA
1141,1136,11,1,buffer,NA,F,3,B,NA,NA,NA,NA
1142,1137,11,1,available,I,F,4,A,CC,2,12,CC_2
1145,1138,11,1,available,J,F,4,B,LV1,NA,12,12
1146,1139,11,1,available,J,F,5,A,(LV1 x WL2) x (TM2 x WL2),4,10,952
1150,1141,11,1,available,J,F,6,A,(WL2) x (WV x WL2),1,10,768
1153,1142,11,1,available,J,F,6,B,(WL1 x WL2) x (WL2 x CC),8,5,1118
1154,1143,11,1,available,J,F,7,A,(LV1 x WL2) x (YO11 x WL2),6,8,993
1157,1144,11,1,2023-survivor,NA,F,7,B,IH,1,12,IH_1
1158,1145,11,1,available,J,F,8,A,TM2,1,65,535
1161,1146,11,1,available,J,F,8,B,(DPR) x (WL2 x DPR),1,3,729
1162,1147,11,1,available,J,F,9,A,(WV x WL2) x (WV),9,6,273
1165,1148,11,1,available,J,F,9,B,(WV) x (WV x WL2),2,4,1390
1166,1149,11,1,available,J,F,10,A,(WL2 x BH) x (SQ3 x WL2),6,8,1169
1169,1150,11,1,available,J,F,10,B,(WL1 x WL2) x (WL2 x TM2),6,1,1146
1170,1151,11,1,available,J,F,11,A,SQ3,7,2,23
1173,1152,11,1,available,J,F,11,B,TM2,1,40,510
1174,1153,11,1,available,J,F,12,A,(SQ3 x WL2) x (WL2),2,1,80
1177,1154,11,1,available,J,F,12,B,(WL2 x CC) x (WL2 x TM2),5,1,1178
1178,1155,11,1,available,J,F,13,A,SQ3 x WL2,5,9,645
1181,1156,11,1,available,J,F,13,B,WL2,1,65,160
1182,1157,11,1,available,J,F,14,A,TM2,4,59,529
1185,1158,11,1,available,J,F,14,B,LV1 x WL2,4,1,1251
1186,1159,11,1,available,J,F,15,A,(DPR) x (DPR x WL2),5,2,712
1189,1160,11,1,available,J,F,15,B,(WL2 x DPR) x (DPR),4,7,1200
1190,1161,11,1,available,J,F,16,A,(DPR x WL2) x (WV x WL2),5,7,1463
1193,1162,11,1,available,J,F,16,B,BH,3,15,401
1194,1163,11,1,available,J,F,17,A,WL2,3,51,146
1197,1164,11,1,available,J,F,17,B,(TM2 x WL2) x (YO11 x WL2),7,5,377
1198,1165,11,1,available,J,F,18,A,WL2,3,36,131
1201,1166,11,1,available,J,F,18,B,WV x TM2,5,15,208
1202,1167,11,1,available,J,F,19,A,SC,6,11,SC_6
1205,1168,11,1,available,J,F,19,B,SQ2,8,4,SQ2_8
1206,1169,11,1,available,K,F,20,A,(TM2 x BH) x (TM2),1,12,1061
1209,1170,11,1,available,K,F,20,B,WL2,9,77,172
1210,1171,11,1,available,K,F,21,A,(WL2 x DPR) x (TM2 x WL2),2,8,1321
1213,1172,11,1,available,K,F,21,B,(TM2 x BH) x (TM2 x BH),8,4,1338
1214,1173,11,1,available,K,F,22,A,LV1 x WL2,5,20,1270
1217,1174,11,1,available,K,F,22,B,TM2,2,50,520
1218,1175,11,1,available,K,F,23,A,TM2,4,22,492
1221,1176,11,1,available,K,F,23,B,TM2,3,45,515
1222,1177,11,1,2023-TM2-fruit,NA,F,24,A,TM2,2,4,TM2_2
1225,1178,11,1,available,K,F,24,B,WL2,5,13,108
1226,1179,11,1,available,K,F,25,A,(WL2 x BH) x (SQ3 x WL2),7,9,1170
1229,1180,11,1,available,K,F,25,B,(SQ3 x WL2) x (WL2),6,2,81
1230,1181,11,1,2023-survivor,NA,F,26,A,WL2,8,4,WL2_8
1233,1182,11,1,available,K,F,26,B,(TM2 x WL2) x (WL2),7,11,367
1234,1183,11,1,available,K,F,27,A,BH,4,16,402
1237,1184,11,1,available,K,F,27,B,LV1,6,13,13
1242,1187,11,1,available,K,F,39,A,(SQ3 x WL2) x (LV1 x WL2),2,13,861
1245,1188,11,1,available,K,F,39,B,LV1 x TM2,6,13,1237
1246,1189,11,1,available,K,F,40,A,(YO11 x WL2) x (SQ3 x WL2),8,8,1009
1250,1191,11,1,available,K,F,41,A,CC,6,18,425
1253,1192,11,1,available,K,F,41,B,TM2,1,77,547
1254,1193,11,1,available,K,F,42,A,(WL2 x CC) x (WL2 x TM2),5,2,1179
1257,1194,11,1,2023-survivor,NA,F,42,B,CC,3,11,CC_3
1258,1195,11,1,available,K,F,43,A,(BH) x (TM2 x BH),5,16,678
1261,1196,11,1,2023-survivor,NA,F,43,B,CC,8,11,CC_8
1262,1197,11,1,available,K,F,44,A,CP2,5,9,CP2_5
1265,1198,11,1,available,K,F,44,B,TM2,7,21,TM2_7
1266,1199,11,1,available,K,F,45,A,WL1,2,12,WL1_2
1269,1200,11,1,available,L,F,45,B,(WL2) x (DPR x WL2),6,2,896
1270,1201,11,1,buffer,NA,F,46,A,NA,NA,NA,NA
1273,1202,11,1,buffer,NA,F,46,B,NA,NA,NA,NA
1274,1203,11,1,buffer,NA,F,47,A,NA,NA,NA,NA
1277,1204,11,1,buffer,NA,F,47,B,NA,NA,NA,NA
1131,1205,12,2,buffer,NA,F,1,C,NA,NA,NA,NA
1132,1206,12,2,buffer,NA,F,1,D,NA,NA,NA,NA
1135,1207,12,2,buffer,NA,F,2,C,NA,NA,NA,NA
1136,1208,12,2,buffer,NA,F,2,D,NA,NA,NA,NA
1139,1209,12,2,buffer,NA,F,3,C,NA,NA,NA,NA
1140,1210,12,2,buffer,NA,F,3,D,NA,NA,NA,NA
1143,1211,12,2,available,J,F,4,C,(TM2 x BH) x (TM2 x WL2),7,14,1047
1144,1212,12,2,available,J,F,4,D,TM2,4,2,472
1147,1213,12,2,available,J,F,5,C,(TM2 x BH) x (BH),NA,3,745
1148,1214,12,2,available,J,F,5,D,(YO11 x WL2) x (TM2 x WL2),7,4,820
1152,1216,12,2,available,J,F,6,D,TM2,1,95,565
1155,1217,12,2,available,J,F,7,C,LV1 x TM2,3,12,1236
1156,1218,12,2,available,J,F,7,D,LV1 x TM2,7,25,1249
1159,1219,12,2,2023-survivor,NA,F,8,C,SC,6,12,SC_6
1160,1220,12,2,available,J,F,8,D,TM2,7,26,496
1163,1221,12,2,available,J,F,9,C,(YO11 x WL2) x (WL2),6,4,930
1164,1222,12,2,available,J,F,9,D,(TM2 x BH) x (TM2),8,16,1065
1167,1223,12,2,available,J,F,10,C,(LV1 x WL2) x (WL2 x DPR),NA,10,965
1168,1224,12,2,available,J,F,10,D,WL2,2,20,115
1171,1225,12,2,available,J,F,11,C,(DPR x WL2) x (DPR x WL2),6,9,1440
1172,1226,12,2,available,J,F,11,D,(WL2 x TM2) x (CC x TM2),5,6,257
1175,1227,12,2,available,J,F,12,C,(YO11 x WL2) x (WL2 x TM2),6,12,799
1176,1228,12,2,available,J,F,12,D,WL2,1,12,107
1179,1229,12,2,available,J,F,13,C,(TM2 x WL2) x (WL2),1,1,357
1180,1230,12,2,available,J,F,13,D,WL2,8,93,188
1183,1231,12,2,available,J,F,14,C,WV,3,6,455
1184,1232,12,2,available,J,F,14,D,WL1,7,19,302
1187,1233,12,2,available,J,F,15,C,(TM2 x WL2) x (SQ3 x WL2),1,12,316
1188,1234,12,2,available,J,F,15,D,(DPR x WL2) x (SQ3 x WL2),5,11,689
1191,1235,12,2,available,J,F,16,C,(YO11 x WL2) x (SQ3 x WL2),3,7,1008
1192,1236,12,2,available,J,F,16,D,(LV1 x WL2) x (WL2),NA,1,64
1195,1237,12,2,available,J,F,17,C,(TM2 x BH) x (TM2 x BH),7,12,1346
1199,1239,12,2,available,J,F,18,C,BH,7,11,BH_7
1203,1241,12,2,available,J,F,19,C,YO8,5,11,YO8_5
1204,1242,12,2,available,K,F,19,D,WV x TM2,7,24,217
1207,1243,12,2,available,K,F,20,C,TM2 x YO11,6,5,1222
1208,1244,12,2,available,K,F,20,D,(TM2 x WL2) x (YO11 x WL2),2,9,381
1211,1245,12,2,available,K,F,21,C,(WL2 x TM2) x (CC x TM2),2,7,258
1212,1246,12,2,available,K,F,21,D,(DPR) x (WL2 x DPR),7,4,730
1215,1247,12,2,available,K,F,22,C,WL1,8,12,295
1216,1248,12,2,available,K,F,22,D,WV x TM2,8,16,209
1219,1249,12,2,2023-survivor,NA,F,23,C,SC,2,23,SC_2
1220,1250,12,2,available,K,F,23,D,TM2,2,3,473
1223,1251,12,2,available,K,F,24,C,(WV x WL2) x (WV),1,7,274
1224,1252,12,2,available,K,F,24,D,TM2 x WL2,3,21,1297
1227,1253,12,2,available,K,F,25,C,(TM2 x BH) x (BH),3,4,746
1228,1254,12,2,available,K,F,25,D,(LV1 x WL2) x (YO11 x WL2),4,6,991
1231,1255,12,2,available,K,F,26,C,WL2,4,27,122
1232,1256,12,2,available,K,F,26,D,(TM2 x WL2) x (TM2),2,4,346
1235,1257,12,2,available,K,F,27,C,WV x WL2,3,3,1405
1236,1258,12,2,available,K,F,27,D,(WL2) x (DPR x WL2),2,14,908
1243,1261,12,2,available,K,F,39,C,(LV1 x WL2) x (WL2),4,2,65
1244,1262,12,2,available,K,F,39,D,WL2,4,84,179
1247,1263,12,2,available,K,F,40,C,(WL1 x TM2) x (WL2 x TM2),7,9,329
1248,1264,12,2,available,K,F,40,D,TM2,2,84,554
1251,1265,12,2,available,K,F,41,C,WL2,6,52,147
1252,1266,12,2,available,K,F,41,D,(TM2 x WL2) x (SQ3 x WL2),6,10,314
1255,1267,12,2,available,K,F,42,C,(DPR) x (DPR x WL2),4,7,717
1256,1268,12,2,available,K,F,42,D,(YO11 x WL2) x (WL2),1,1,927
1259,1269,12,2,2023-survivor,NA,F,43,C,CC,9,11,CC_9
1260,1270,12,2,available,K,F,43,D,SQ3 x WL2,4,16,652
1263,1271,12,2,2023-survivor,NA,F,44,C,IH,4,11,IH_4
1264,1272,12,2,available,K,F,44,D,LV1,5,10,LV1_5
1267,1273,12,2,available,L,F,45,C,(LV1 x WL2) x (WL2),2,3,66
1268,1274,12,2,available,L,F,45,D,(DPR x WL2) x (WV x WL2),8,4,1460
1271,1275,12,2,buffer,NA,F,46,C,NA,NA,NA,NA
1272,1276,12,2,buffer,NA,F,46,D,NA,NA,NA,NA
1275,1277,12,2,buffer,NA,F,47,C,NA,NA,NA,NA
1276,1278,12,2,buffer,NA,F,47,D,NA,NA,NA,NA
NA,NA,NA,NA,available,K,F,28,A,(WV) x (WV x WL2),NA,5,1391
NA,NA,NA,NA,available,K,F,28,B,WL2,NA,43,138
NA,NA,NA,NA,available,K,F,28,C,(WL2 x DPR) x (YO11 x WL2),NA,3,571
NA,NA,NA,NA,available,K,F,28,D,(DPR x WL2) x (YO11 x WL2),NA,15,709
1278,1279,13,1,buffer,NA,G,1,A,NA,NA,NA,NA
1281,1280,13,1,buffer,NA,G,1,B,NA,NA,NA,NA
1282,1281,13,1,buffer,NA,G,2,A,NA,NA,NA,NA
1285,1282,13,1,buffer,NA,G,2,B,NA,NA,NA,NA
1286,1283,13,1,buffer,NA,G,3,A,NA,NA,NA,NA
1289,1284,13,1,buffer,NA,G,3,B,NA,NA,NA,NA
1290,1285,13,1,available,L,G,4,A,LV1 x TM2,5,14,1238
1293,1286,13,1,available,L,G,4,B,DPR,7,10,438
1294,1287,13,1,available,L,G,5,A,(WV) x (WV x WL2),3,6,1392
1297,1288,13,1,2023-survivor,NA,G,5,B,IH,4,12,IH_4
1298,1289,13,1,available,L,G,6,A,(SQ3 x WL2) x (WL2),1,3,82
1301,1290,13,1,available,L,G,6,B,LV1,2,14,14
1302,1291,13,1,available,L,G,7,A,TM2,2,67,537
1305,1292,13,1,available,L,G,7,B,(YO11 x WL2) x (WL2),5,7,933
1306,1293,13,1,2023-survivor,NA,G,8,A,YO7,6,15,YO7_6
1309,1294,13,1,available,L,G,8,B,TM2,2,29,499
1310,1295,13,1,available,L,G,9,A,WL2,1,68,163
1313,1296,13,1,available,L,G,9,B,(TM2 x WL2) x (SQ3 x WL2),3,1,305
1314,1297,13,1,available,L,G,10,A,BH,8,1,387
1317,1298,13,1,available,L,G,10,B,WL2,4,58,153
1318,1299,13,1,available,L,G,11,A,(WL2 x BH) x (WL2 x TM2),5,14,249
1321,1300,13,1,available,L,G,11,B,(TM2 x BH) x (BH),3,5,747
1322,1301,13,1,available,L,G,12,A,(SQ3 x WL2) x (TM2 x WL2),3,14,892
1325,1302,13,1,available,L,G,12,B,(DPR) x (WL2 x DPR),5,5,731
1326,1303,13,1,available,L,G,13,A,BH x TM2,4,22,606
1329,1304,13,1,available,L,G,13,B,(SQ3 x WL2) x (YO11 x WL2),7,2,1501
1330,1305,13,1,available,L,G,14,A,(TM2 x WL2) x (WL2),3,9,365
1333,1306,13,1,available,L,G,14,B,WV,1,12,461
1334,1307,13,1,available,L,G,15,A,(WV x WL2) x (WV),3,8,275
1337,1308,13,1,available,L,G,15,B,(LV1 x WL2) x (YO11 x WL2),5,12,997
1338,1309,13,1,available,L,G,16,A,(DPR x WL2) x (TM2 x WL2),5,3,1445
1341,1310,13,1,available,L,G,16,B,WL2,5,39,134
1342,1311,13,1,available,L,G,17,A,CC,9,12,CC_9
1345,1312,13,1,available,L,G,17,B,WL2,3,5,WL2_3
1346,1313,13,1,available,M,G,18,A,TM2,4,5,475
1349,1314,13,1,available,M,G,18,B,WL2 x BH,7,4,833
1350,1315,13,1,available,M,G,19,A,(YO11 x WL2) x (WL2 x TM2),5,15,802
1353,1316,13,1,available,M,G,19,B,LV1 x WL2,7,15,1265
1354,1317,13,1,available,M,G,20,A,WL2,4,74,169
1357,1318,13,1,available,M,G,20,B,WV,6,11,460
1358,1319,13,1,available,M,G,21,A,LV1 x TM2,8,15,1239
1361,1320,13,1,available,M,G,21,B,(DPR x WL2) x (YO11 x WL2),4,16,710
1362,1321,13,1,available,M,G,22,A,WV x WL2,7,16,1418
1365,1322,13,1,available,M,G,22,B,(DPR x WL2) x (TM2 x WL2),7,14,1456
1366,1323,13,1,available,M,G,23,A,(LV1 x WL2) x (YO11 x WL2),3,9,994
1369,1324,13,1,available,M,G,23,B,TM2,5,80,550
1370,1325,13,1,available,M,G,24,A,TM2 x WL2,3,1,1277
1373,1326,13,1,available,M,G,24,B,TM2,5,32,502
1374,1327,13,1,available,M,G,25,A,(WL1 x WL2) x (WL2 x CC),8,2,1115
1377,1328,13,1,available,M,G,25,B,TM2,2,42,512
1378,1329,13,1,available,M,G,26,A,TM2,5* buffer,91,561
1381,1330,13,1,available,M,G,26,B,(WV x WL2) x (WV),8* buffer,9,276
1382,1331,13,1,available,M,G,27,A,BH,4,2,388
1385,1332,13,1,available,M,G,27,B,(TM2 x BH) x (BH),7,6,748
1386,1333,13,1,available,M,G,28,A,WL2,2,57,152
1389,1334,13,1,available,M,G,28,B,DPR,2,12,440
1390,1335,13,1,available,M,G,29,A,(WV) x (WV x WL2),1,7,1393
1393,1336,13,1,available,M,G,29,B,(DPR) x (WL2 x DPR),6,6,732
1394,1337,13,1,available,M,G,30,A,WV x TM2,8,2,195
1397,1338,13,1,available,M,G,30,B,CP3,5,6,CP3_5
1398,1339,13,1,2023-survivor,NA,G,31,A,BH,7,13,BH_7
1401,1340,13,1,available,M,G,31,B,SC,5,13,SC_5
1402,1341,13,1,available,N,G,32,A,LV1 x WL2,2,4,1254
1405,1342,13,1,available,N,G,32,B,YO11,5,1,43
1406,1343,13,1,available,N,G,33,A,TM2,3,86,556
1409,1344,13,1,available,N,G,33,B,(SQ3 x WL2) x (WL2),2,5,84
1410,1345,13,1,available,N,G,34,A,WL2,3,48,143
1413,1346,13,1,available,N,G,34,B,(LV1 x WL2) x (WL2),1,5,68
1414,1347,13,1,available,N,G,35,A,(TM2 x BH) x (TM2),4,8,1057
1417,1348,13,1,available,N,G,35,B,(SQ3 x WL2) x (TM2 x WL2),3,2,880
1418,1349,13,1,available,N,G,36,A,WV,7,1,450
1421,1350,13,1,available,N,G,36,B,WV x WL2,4,8,1410
1422,1351,13,1,2023-survivor,NA,G,37,A,YO7,7,9,YO7_7
1425,1352,13,1,available,N,G,37,B,WL2 x BH,1,7,836
1426,1353,13,1,available,N,G,38,A,WL2,2,16,111
1429,1354,13,1,available,N,G,38,B,(WV x WL2) x (WL2 x DPR),6,6,1330
1430,1355,13,1,2023-TM2-fruit,NA,G,39,A,TM2,7,17,TM2_7
1433,1356,13,1,available,N,G,39,B,WL2,8,76,171
1434,1357,13,1,2023-TM2-fruit,NA,G,40,A,TM2,3,7,TM2_3
1437,1358,13,1,available,N,G,40,B,TM2,6,6,476
1438,1359,13,1,available,N,G,41,A,(WL2 x CC) x (WL2 x TM2),1,5,1182
1441,1360,13,1,available,N,G,41,B,(DPR x WL2) x (YO11 x WL2),1,12,706
1442,1361,13,1,available,N,G,42,A,(YO11 x WL2) x (WV x WL2),4,3,841
1445,1362,13,1,available,N,G,42,B,(DPR x WL2) x (WV x WL2),5,8,1464
1446,1363,13,1,2023-survivor,NA,G,43,A,IH,6,13,IH_6
1449,1364,13,1,available,N,G,43,B,TM2,3,64,534
1450,1365,13,1,buffer,NA,G,44,A,NA,NA,NA,NA
1453,1366,13,1,buffer,NA,G,44,B,NA,NA,NA,NA
1454,1367,13,1,buffer,NA,G,45,A,NA,NA,NA,NA
1457,1368,13,1,buffer,NA,G,45,B,NA,NA,NA,NA
1279,1369,14,2,buffer,NA,G,1,C,NA,NA,NA,NA
1280,1370,14,2,buffer,NA,G,1,D,NA,NA,NA,NA
1283,1371,14,2,buffer,NA,G,2,C,NA,NA,NA,NA
1284,1372,14,2,buffer,NA,G,2,D,NA,NA,NA,NA
1287,1373,14,2,buffer,NA,G,3,C,NA,NA,NA,NA
1288,1374,14,2,buffer,NA,G,3,D,NA,NA,NA,NA
1291,1375,14,2,available,L,G,4,C,(DPR) x (DPR x WL2),5,11,721
1292,1376,14,2,available,L,G,4,D,(WL2 x DPR) x (WL2),3,3,1100
1295,1377,14,2,available,L,G,5,C,(WL2 x DPR) x (YO11 x WL2),2,2,570
1296,1378,14,2,2023-survivor,NA,G,5,D,YO7,5,7,YO7_5
1299,1379,14,2,available,L,G,6,C,(WL2 x CC) x (WL2 x TM2),5,3,1180
1300,1380,14,2,2023-survivor,NA,G,6,D,IH,2,12,IH_2
1303,1381,14,2,available,L,G,7,C,TM2,3,46,516
1304,1382,14,2,2023-survivor,NA,G,7,D,BH,4,12,BH_4
1307,1383,14,2,available,L,G,8,C,(WL1 x WL2) x (WL2 x CC),7,3,1116
1308,1384,14,2,available,L,G,8,D,TM2,4,60,530
1311,1385,14,2,available,L,G,9,C,TM2,6,4,474
1312,1386,14,2,available,L,G,9,D,TM2,6,85,555
1315,1387,14,2,available,L,G,10,C,(TM2 x BH) x (TM2 x WL2),8,6,1039
1316,1388,14,2,available,L,G,10,D,WV x TM2,6,17,210
1319,1389,14,2,available,L,G,11,C,(LV1 x WL2) x (WL2 x DPR),2,15,970
1320,1390,14,2,available,L,G,11,D,SQ3,3,12,33
1323,1391,14,2,available,L,G,12,C,WV x TM2,6,1,194
1324,1392,14,2,2023-survivor,NA,G,12,D,CC,5,12,CC_5
1327,1393,14,2,available,L,G,13,C,WL2,1,89,184
1328,1394,14,2,available,L,G,13,D,(WL2 x TM2) x (CC x TM2),2,8,259
1331,1395,14,2,available,L,G,14,C,WL2,2,14,109
1332,1396,14,2,available,L,G,14,D,WL2,14,25,120
1335,1397,14,2,available,L,G,15,C,(WL2 x BH) x (SQ3 x WL2),6,5,1166
1336,1398,14,2,available,L,G,15,D,SQ3 x WL2,4,8,644
1339,1399,14,2,available,L,G,16,C,TM2,5,5,TM2_5
1340,1400,14,2,available,L,G,16,D,TM2,3,5,TM2_3
1343,1401,14,2,available,M,G,17,C,(WL1 x WL2) x (WL2 x TM2),1,7,1152
1344,1402,14,2,available,M,G,17,D,(SQ3 x WL2) x (WL2),6,4,83
1347,1403,14,2,available,M,G,18,C,CC x TM2,7,11,1361
1348,1404,14,2,available,M,G,18,D,TM2,6,63,533
1351,1405,14,2,available,M,G,19,C,(WL2) x (WV x WL2),5,7,765
1352,1406,14,2,available,M,G,19,D,(LV1 x WL2) x (WL2),8,4,67
1355,1407,14,2,available,M,G,20,C,WL2,4,26,121
1356,1408,14,2,available,M,G,20,D,(SQ3 x WL2) x (TM2 x WL2),1,13,891
1359,1409,14,2,available,M,G,21,C,WL2,3,98,193
1360,1410,14,2,available,M,G,21,D,(WL2) x (TM2 x WL2),4,16,926
1363,1411,14,2,available,M,G,22,C,(WL2 x CC) x (WL2 x TM2),8,4,1181
1371,1415,14,2,available,M,G,24,C,(TM2 x BH) x (TM2 x BH),1,9,1343
1372,1416,14,2,available,M,G,24,D,(WL2 x TM2) x (CC x TM2),2,9,260
1375,1417,14,2,available,M,G,25,C,WL2,7,15,110
1376,1418,14,2,available,M,G,25,D,(DPR) x (DPR x WL2),6,9,719
1379,1419,14,2,available,M,G,26,C,(WL2 x DPR) x (DPR),4* buffer,2,1195
1380,1420,14,2,available,M,G,26,D,WL2,3* buffer,37,132
1383,1421,14,2,2023-survivor,NA,G,27,C,YO7,6,9,YO7_6
1384,1422,14,2,available,M,G,27,D,(TM2 x WL2) x (SQ3 x WL2),5,9,313
1387,1423,14,2,available,M,G,28,C,(WL2 x DPR) x (WL2),2,14,1111
1388,1424,14,2,available,M,G,28,D,LV1,5,15,15
1391,1425,14,2,available,M,G,29,C,(TM2 x BH) x (TM2 x WL2),1,8,1041
1392,1426,14,2,available,M,G,29,D,WV x TM2,4,26,219
1395,1427,14,2,available,M,G,30,C,YO11,6,6,YO11_6
1396,1428,14,2,available,M,G,30,D,CP2,5,11,CP2_5
1399,1429,14,2,2023-TM2-fruit,NA,G,31,C,TM2,7,5,TM2_7
1400,1430,14,2,available,N,G,31,D,(WL2 x BH) x (SQ3 x WL2),7,13,1174
1403,1431,14,2,available,N,G,32,C,(WL2) x (DPR x WL2),2,7,901
1404,1432,14,2,2023-survivor,NA,G,32,D,WL2,7,6,WL2_7
1407,1433,14,2,available,N,G,33,C,(TM2 x WL2) x (TM2 x WL2),3,9,1090
1408,1434,14,2,available,N,G,33,D,(WV x WL2) x (WV),2,10,277
1411,1435,14,2,available,N,G,34,C,(WL2 x BH) x (WL2 x TM2),5,3,238
1412,1436,14,2,available,N,G,34,D,WV x TM2,8,4,196
1415,1437,14,2,available,N,G,35,C,(WV) x (WV x WL2),5,8,1394
1416,1438,14,2,available,N,G,35,D,WL1,4,17,300
1419,1439,14,2,available,N,G,36,C,LV1 x TM2,3,16,1240
1420,1440,14,2,available,N,G,36,D,(DPR) x (WL2 x DPR),1,7,733
1423,1441,14,2,available,N,G,37,C,(WL1 x WL2) x (WL2 x CC),6,9,1122
1424,1442,14,2,available,N,G,37,D,(WL2 x TM2) x (CC x TM2),7,10,261
1427,1443,14,2,available,N,G,38,C,WL2,9,28,123
1428,1444,14,2,available,N,G,38,D,(DPR x WL2) x (TM2 x WL2),5,5,1447
1431,1445,14,2,available,N,G,39,C,DPR,3,5,433
1432,1446,14,2,available,N,G,39,D,BH,7,3,389
1435,1447,14,2,2023-survivor,NA,G,40,C,BH,2,13,BH_2
1436,1448,14,2,available,N,G,40,D,TM2,6,71,541
1439,1449,14,2,available,N,G,41,C,(YO11 x WL2) x (WL2),3,12,938
1440,1450,14,2,available,N,G,41,D,(WL2 x DPR) x (DPR),1,4,1197
1443,1451,14,2,2023-survivor,NA,G,42,C,SC,2,27,SC_2
1444,1452,14,2,available,N,G,42,D,LV1,7,19,19
1447,1453,14,2,available,N,G,43,C,TM2,8,44,514
1448,1454,14,2,available,N,G,43,D,(WL1 x WL2) x (BH x WL2),9,8,339
1451,1455,14,2,buffer,NA,G,44,C,NA,NA,NA,NA
1452,1456,14,2,buffer,NA,G,44,D,NA,NA,NA,NA
1455,1457,14,2,buffer,NA,G,45,C,NA,NA,NA,NA
1456,1458,14,2,buffer,NA,G,45,D,NA,NA,NA,NA
1458,1459,15,1,buffer,NA,H,1,A,NA,NA,NA,NA
1461,1460,15,1,buffer,NA,H,1,B,NA,NA,NA,NA
1462,1461,15,1,buffer,NA,H,2,A,NA,NA,NA,NA
1465,1462,15,1,buffer,NA,H,2,B,NA,NA,NA,NA
1466,1463,15,1,buffer,NA,H,3,A,NA,NA,NA,NA
1469,1464,15,1,buffer,NA,H,3,B,NA,NA,NA,NA
1470,1465,15,1,available,N,H,4,A,(SQ3 x WL2) x (YO11 x WL2),6,1,1500
1473,1466,15,1,available,N,H,4,B,LV1,4,16,16
1474,1467,15,1,2023-survivor,NA,H,5,A,SC,4,1,SC_4
1477,1468,15,1,available,N,H,5,B,SQ3,3,7,28
1478,1469,15,1,available,N,H,6,A,TM2,7,27,497
1481,1470,15,1,2023-survivor,NA,H,6,B,SC,2,26,SC_2
1482,1471,15,1,available,N,H,7,A,(DPR) x (DPR x WL2),6,13,723
1486,1473,15,1,available,N,H,8,A,WL2,5,60,155
1489,1474,15,1,available,N,H,8,B,(TM2 x WL2) x (WL2),5,6,362
1493,1476,15,1,available,N,H,9,B,WL2,8,7,WL2_8
1497,1478,15,1,available,O,H,10,B,TM2,2,53,523
1501,1480,15,1,2023-survivor,NA,H,11,B,IH,2,1,IH_2
1505,1482,15,1,2023-survivor,NA,H,12,B,SC,2,1,SC_2
1506,1483,15,1,2023-survivor,NA,H,13,A,TM2,2,6,TM2_2
1509,1484,15,1,available,O,H,13,B,WL2,6,71,166
1517,1488,15,1,available,O,H,15,B,LV1 x WL2,3,13,1263
1522,1491,15,1,available,O,H,17,A,TM2,3,87,557
1525,1492,15,1,available,O,H,17,B,(WL1 x TM2) x (WL2 x TM2),1,7,327
1526,1493,15,1,available,O,H,18,A,(TM2) x (TM2 x BH),6,3,1132
1529,1494,15,1,available,O,H,18,B,BH,2,20,406
1530,1495,15,1,available,O,H,19,A,(WL1 x WL2) x (WL2 x TM2),7,4,1149
1533,1496,15,1,available,O,H,19,B,(WL2 x DPR) x (TM2 x WL2),6,4,1317
1534,1497,15,1,available,O,H,20,A,TM2,8,31,501
1537,1498,15,1,available,O,H,20,B,(WL1 x WL2) x (BH x WL2),4,11,342
1538,1499,15,1,available,O,H,21,A,(TM2 x WL2) x (TM2),4,1,343
1541,1500,15,1,2023-TM2-fruit,NA,H,21,B,TM2,1,12,TM2_1
1542,1501,15,1,available,O,H,22,A,TM2,6,66,536
1545,1502,15,1,available,O,H,22,B,(TM2) x (TM2 x WL2),7,15,234
1546,1503,15,1,available,O,H,23,A,(TM2 x WL2) x (WL2),5,4,360
1549,1504,15,1,available,O,H,23,B,(DPR) x (WL2 x DPR),8,8,734
1550,1505,15,1,available,O,H,24,A,(TM2 x WL2) x (TM2 x BH),4,11,1076
1553,1506,15,1,available,O,H,24,B,SQ3,4,3,24
1554,1507,15,1,available,O,H,25,A,(WL2 x TM2) x (WL2),3,2,1323
1557,1508,15,1,2023-survivor,NA,H,25,B,SC,4,14,SC_4
1558,1509,15,1,available,O,H,26,A,(LV1 x WL2) x (LV1 x WL2),1,3,1020
1561,1510,15,1,available,O,H,26,B,(WV x WL2) x (WV),7,11,278
1562,1511,15,1,2023-TM2-fruit,NA,H,27,A,TM2,6,10,TM2_6
1565,1512,15,1,available,O,H,27,B,(LV1 x WL2) x (WL2 x DPR),1,11,966
1566,1513,15,1,available,O,H,28,A,(YO11 x WL2) x (WL2),6,9,935
1569,1514,15,1,available,O,H,28,B,TM2,6,7,477
1570,1515,15,1,available,O,H,29,A,TM2,7,36,506
1573,1516,15,1,available,O,H,29,B,YO11,6,16,YO11_6
1574,1517,15,1,available,O,H,30,A,LVTR1,4,5,LVTR1_4
1577,1518,15,1,available,P,H,30,B,BH x TM2,3,3,587
1578,1519,15,1,2023-survivor,NA,H,31,A,YO7,4,11,YO7_4
1581,1520,15,1,available,P,H,31,B,(WL1 x WL2) x (WL2 x TM2),4,6,1151
1582,1521,15,1,available,P,H,32,A,(LV1 x WL2) x (WL2),6,7,70
1585,1522,15,1,available,P,H,32,B,TM2,5,23,493
1586,1523,15,1,buffer,NA,H,33,A,NA,NA,NA,NA
1589,1524,15,1,buffer,NA,H,33,B,NA,NA,NA,NA
1590,1525,15,1,buffer,NA,H,34,A,NA,NA,NA,NA
1593,1526,15,1,buffer,NA,H,34,B,NA,NA,NA,NA
1459,1527,16,2,buffer,NA,H,1,C,NA,NA,NA,NA
1460,1528,16,2,buffer,NA,H,1,D,NA,NA,NA,NA
1463,1529,16,2,buffer,NA,H,2,C,NA,NA,NA,NA
1464,1530,16,2,buffer,NA,H,2,D,NA,NA,NA,NA
1467,1531,16,2,buffer,NA,H,3,C,NA,NA,NA,NA
1468,1532,16,2,buffer,NA,H,3,D,NA,NA,NA,NA
1472,1534,16,2,available,N,H,4,D,(TM2 x WL2) x (WV x WL2),8,1,1303
1476,1536,16,2,available,N,H,5,D,(TM2 x BH) x (BH),1,7,749
1479,1537,16,2,available,N,H,6,C,WL2,5,82,177
1480,1538,16,2,available,N,H,6,D,(TM2 x BH) x (TM2 x BH),7,6,1340
1484,1540,16,2,available,N,H,7,D,(TM2 x BH) x (TM2 x WL2),5,7,1040
1487,1541,16,2,available,N,H,8,C,DPR,3,6,DPR_3
1488,1542,16,2,available,N,H,8,D,YO4,2,14,YO4_2
1491,1543,16,2,available,N,H,9,C,YO11,8,7,YO11_8
1492,1544,16,2,available,O,H,9,D,WV x TM2,7,5,197
1495,1545,16,2,available,O,H,10,C,LV1 x TM2,8,1,1225
1496,1546,16,2,available,O,H,10,D,(WL2) x (WV x WL2),4,8,766
1499,1547,16,2,2023-survivor,NA,H,11,C,IH,4,1,IH_4
1503,1549,16,2,2023-survivor,NA,H,12,C,YO7,4,1,YO7_4
1507,1551,16,2,available,O,H,13,C,WL2,7,1,96
1512,1554,16,2,available,O,H,14,D,WV,2,14,463
1515,1555,16,2,available,O,H,15,C,LV1 x TM2,3,22,1246
1516,1556,16,2,available,O,H,15,D,(DPR) x (DPR x WL2),1,6,716
1520,1558,16,2,available,O,H,16,D,TM2 x WL2,8,2,1278
1524,1560,16,2,available,O,H,17,D,(TM2 x BH) x (BH),7,8,750
1527,1561,16,2,available,O,H,18,C,(LV1 x WL2) x (WL2),3,6,69
1528,1562,16,2,available,O,H,18,D,(WL2 x DPR) x (WL2),2,2,1099
1531,1563,16,2,available,O,H,19,C,(SQ3 x WL2) x (WL2),6,6,85
1532,1564,16,2,available,O,H,19,D,BH x WL2,3,1,611
1535,1565,16,2,available,O,H,20,C,(WL2) x (DPR x WL2),8,9,903
1536,1566,16,2,available,O,H,20,D,(WL1 x WL2) x (WL2 x CC),2,15,1128
1539,1567,16,2,available,O,H,21,C,TM2,3,97,567
1540,1568,16,2,available,O,H,21,D,WL2 x BH,7,9,838
1543,1569,16,2,available,O,H,22,C,(SQ3 x WL2) x (TM2 x WL2),6,15,893
1544,1570,16,2,available,O,H,22,D,WL2,2,17,112
1547,1571,16,2,available,O,H,23,C,(TM2 x WL2) x (SQ3 x WL2),7,16,320
1548,1572,16,2,available,O,H,23,D,WL2,6,42,137
1551,1573,16,2,available,O,H,24,C,WL2,1,64,159
1552,1574,16,2,2023-survivor,NA,H,24,D,SC,6,13,SC_6
1555,1575,16,2,available,O,H,25,C,WL2,2,97,192
1556,1576,16,2,available,O,H,25,D,WL1,1,9,292
1559,1577,16,2,available,O,H,26,C,WV x TM2,8,18,211
1560,1578,16,2,available,O,H,26,D,(WL2 x CC) x (WL2 x TM2),5,6,1183
1563,1579,16,2,available,O,H,27,C,BH,2,4,390
1564,1580,16,2,available,O,H,27,D,(WV) x (WV x WL2),5,9,1395
1567,1581,16,2,available,O,H,28,C,(WL2 x TM2) x (CC x TM2),5,11,262
1568,1582,16,2,available,O,H,28,D,(TM2 x BH) x (TM2 x BH),14,3,1337
1571,1583,16,2,available,O,H,29,C,YO7,4,8,YO7_4
1572,1584,16,2,available,O,H,29,D,SC,8,13,SC_8
1575,1585,16,2,available,P,H,30,C,TM2,5,8,478
1576,1586,16,2,available,P,H,30,D,(WL2 x TM2) x (CC x TM2),4,12,263
1579,1587,16,2,2023-survivor,NA,H,31,C,IH,5,13,IH_5
1580,1588,16,2,available,P,H,31,D,WL2,6,61,156
1583,1589,16,2,available,P,H,32,C,(YO11 x WL2) x (DPR x WL2),5,1,773
1584,1590,16,2,available,P,H,32,D,(WL2 x BH) x (SQ3 x WL2),2,7,1168
1587,1591,16,2,buffer,NA,H,33,C,NA,NA,NA,NA
1588,1592,16,2,buffer,NA,H,33,D,NA,NA,NA,NA
1591,1593,16,2,buffer,NA,H,34,C,NA,NA,NA,NA
1592,1594,16,2,buffer,NA,H,34,D,NA,NA,NA,NA
1594,1595,17,1,buffer,NA,I,1,A,NA,NA,NA,NA
1597,1596,17,1,buffer,NA,I,1,B,NA,NA,NA,NA
1598,1597,17,1,buffer,NA,I,2,A,NA,NA,NA,NA
1601,1598,17,1,buffer,NA,I,2,B,NA,NA,NA,NA
1605,1600,17,1,available,P,I,3,B,(LV1 x WL2) x (YO11 x WL2),5,15,1000
1606,1601,17,1,available,P,I,4,A,LV1 x TM2,6,2,1226
1609,1602,17,1,available,P,I,4,B,(WL2) x (DPR x WL2),3,4,898
1610,1603,17,1,available,P,I,5,A,(TM2 x BH) x (TM2 x BH),3,7,1341
1613,1604,17,1,available,P,I,5,B,(YO11 x WL2) x (WL2 x TM2),6,10,797
1614,1605,17,1,available,P,I,6,A,(TM2 x BH) x (BH),5,9,751
1617,1606,17,1,available,P,I,6,B,(SQ3 x WL2) x (WL2),7,7,86
1618,1607,17,1,available,P,I,7,A,TM2,6,74,544
1621,1608,17,1,available,P,I,7,B,(WL1 x WL2) x (WL2 x CC),4,12,1125
1622,1609,17,1,available,P,I,8,A,WL2,7,96,191
1625,1610,17,1,available,P,I,8,B,TM2,9,38,508
1626,1611,17,1,available,P,I,9,A,(DPR x WL2) x (TM2 x WL2),7,12,1454
1629,1612,17,1,available,P,I,9,B,BH,8,5,391
1630,1613,17,1,available,P,I,10,A,LV1 x WL2,4,22,1272
1633,1614,17,1,available,P,I,10,B,WL2,4,29,124
1634,1615,17,1,available,P,I,11,A,LV1 x TM2,5,26,1250
1637,1616,17,1,available,P,I,11,B,(WL2 x CC) x (WL2 x TM2),3,7,1184
1638,1617,17,1,2023-survivor,NA,I,12,A,IH,1,1,IH_1
1641,1618,17,1,available,P,I,12,B,(TM2 x WL2) x (SQ3 x WL2),7,3,307
1642,1619,17,1,available,P,I,13,A,TM2,4,54,524
1645,1620,17,1,available,P,I,13,B,(SQ3 x WL2) x (LV1 x WL2),3,15,863
1646,1621,17,1,available,P,I,14,A,(LV1 x WL2) x (TM2 x WL2),1,12,954
1649,1622,17,1,available,P,I,14,B,(DPR x WL2) x (SQ3 x WL2),1,8,686
1650,1623,17,1,available,P,I,15,A,BH,5,1,BH_5
1653,1624,17,1,available,P,I,15,B,FR,4,13,FR_4
1654,1625,17,1,available,NA,I,16,A,SQ1,2,11,SQ1_2
1657,1626,17,1,2023-survivor,NA,I,16,B,BH,2,1,BH_2
1658,1627,17,1,available,NA,I,17,A,YO8,5,1,YO8_5
1661,1628,17,1,available,NA,I,17,B,LV1,2,13,LV1_2
1662,1629,17,1,2023-survivor,NA,I,18,A,BH,1,1,BH_1
1665,1630,17,1,available,NA,I,18,B,TM2,6,9,TM2_6
1666,1631,17,1,available,NA,I,19,A,YO11,7,8,YO11_7
1669,1632,17,1,available,NA,I,19,B,WL2,1,8,WL2_1
1670,1633,17,1,available,NA,I,20,A,SQ2,1,7,SQ2_1
1673,1634,17,1,available,NA,I,20,B,YO7,5,19,YO7_5
1674,1635,17,1,available,NA,I,21,A,DPR,8,17,DPR_8
1677,1636,17,1,available,NA,I,21,B,WL1,7,21,WL1_7
1678,1637,17,1,available,NA,I,22,A,LV1,3,1,LV1_3
1681,1638,17,1,available,NA,I,22,B,CP2,3,13,CP2_3
1682,1639,17,1,buffer,NA,I,23,A,NA,NA,NA,NA
1685,1640,17,1,buffer,NA,I,23,B,NA,NA,NA,NA
1686,1641,17,1,buffer,NA,I,24,A,NA,NA,NA,NA
1689,1642,17,1,buffer,NA,I,24,B,NA,NA,NA,NA
1595,1643,18,2,buffer,NA,I,1,C,NA,NA,NA,NA
1596,1644,18,2,buffer,NA,I,1,D,NA,NA,NA,NA
1599,1645,18,2,buffer,NA,I,2,C,NA,NA,NA,NA
1600,1646,18,2,buffer,NA,I,2,D,NA,NA,NA,NA
1603,1647,18,2,available,P,I,3,C,(WV x WL2) x (WV),1,12,279
1604,1648,18,2,2023-survivor,NA,I,3,D,BH,4,1,BH_4
1608,1650,18,2,available,P,I,4,D,WL2,4,69,164
1611,1651,18,2,available,P,I,5,C,(TM2 x WL2) x (WL2),4,14,370
1615,1653,18,2,available,P,I,6,C,WL2,7,2,97
1616,1654,18,2,available,P,I,6,D,(WL1 x WL2) x (BH x WL2),4,4,335
1619,1655,18,2,available,P,I,7,C,(DPR) x (WL2 x DPR),1,9,735
1620,1656,18,2,available,P,I,7,D,WV x TM2,3,6,198
1623,1657,18,2,available,P,I,8,C,BH,3,19,405
1624,1658,18,2,available,P,I,8,D,WL2,8,44,139
1627,1659,18,2,available,P,I,9,C,TM2,6,81,551
1628,1660,18,2,available,P,I,9,D,(WV) x (WV x WL2),8,10,1396
1631,1661,18,2,available,P,I,10,C,DPR x WL2,6,1,1210
1632,1662,18,2,available,P,I,10,D,DPR,4,15,443
1635,1663,18,2,available,P,I,11,C,(WL2 x DPR) x (TM2 x WL2),8,5,1318
1636,1664,18,2,available,P,I,11,D,WL1,7,11,294
1639,1665,18,2,available,P,I,12,C,WV,5,10,459
1640,1666,18,2,available,P,I,12,D,(DPR x WL2) x (YO11 x WL2),5,14,708
1643,1667,18,2,available,P,I,13,C,TM2 x WL2,9,12,1288
1644,1668,18,2,available,P,I,13,D,(TM2 x BH) x (TM2 x WL2),4,2,1035
1647,1669,18,2,available,P,I,14,C,TM2,3,8,TM2_3
1648,1670,18,2,available,P,I,14,D,TM2,7,6,TM2_7
1651,1671,18,2,available,NA,I,15,C,LVTR1,8,1,LVTR1_8
1652,1672,18,2,available,NA,I,15,D,IH,5,1,IH_5
1655,1673,18,2,available,NA,I,16,C,YO7,2,10,YO7_2
1656,1674,18,2,available,NA,I,16,D,CP2,2,12,CP2_2
1659,1675,18,2,available,NA,I,17,C,CC,2,1,CC_2
1660,1676,18,2,available,NA,I,17,D,WL2,6,7,WL2_6
1663,1677,18,2,available,NA,I,18,C,YO4,2,2,YO4_2
1664,1678,18,2,available,NA,I,18,D,NA,NA,NA,NA_NA
1667,1679,18,2,available,NA,I,19,C,SC,2,22,SC_2
1668,1680,18,2,available,NA,I,19,D,YO7,6,11,YO7_6
1671,1681,18,2,available,NA,I,20,C,CP3,2,5,CP3_2
1672,1682,18,2,available,NA,I,20,D,IH,2,2,IH_2
1675,1683,18,2,available,NA,I,21,C,CP2,5,13,CP2_5
1676,1684,18,2,available,NA,I,21,D,WL2,6,8,WL2_6
1679,1685,18,2,available,NA,I,22,C,BH,1,2,BH_1
1680,1686,18,2,available,NA,I,22,D,CC,4,2,CC_4
1683,1687,18,2,buffer,NA,I,23,C,NA,NA,NA,NA
1687,1689,18,2,buffer,NA,I,24,C,NA,NA,NA,NA
1688,1690,18,2,buffer,NA,I,24,D,NA,NA,NA,NA
NA,NA,NA,NA,buffer,NA,I,23,D,NA,NA,NA,NA
1702,1697,19,1,2023-survivor,NA,J,4,A,YO7,3,8,YO7_3
1706,1699,19,1,2023-TM2-fruit,NA,J,5,A,TM2,2,11,TM2_2
1718,1705,19,1,2023-survivor,NA,J,8,A,BH,5,2,BH_5
1726,1709,19,1,2023-survivor,NA,J,10,A,BH,4,2,BH_4
1746,1719,19,1,2023-survivor,NA,J,15,A,YO7,7,11,YO7_7
1757,1724,19,1,2023-TM2-fruit,NA,J,17,B,TM2,5,12,TM2_5
1761,1726,19,1,2023-survivor,NA,J,18,B,SC,8,2,SC_8
1704,1738,20,2,2023-TM2-fruit,NA,J,4,D,TM2,7,7,TM2_7
1732,1752,20,2,2023-survivor,NA,J,11,D,IH,5,2,IH_5
1739,1755,20,2,2023-survivor,NA,J,13,C,BH,6,2,BH_6
1756,1764,20,2,2023-survivor,NA,J,17,D,LV1,8,1,LV1_8
1777,1774,21,1,2023-survivor,NA,K,2,B,IH,4,14,IH_4
1785,1778,21,1,2023-survivor,NA,K,4,B,IH,6,2,IH_6
1806,1789,21,1,2023-survivor,NA,K,10,A,YO7,1,2,YO7_1
1818,1795,21,1,2023-survivor,NA,K,13,A,CC,1,2,CC_1
1775,1801,22,2,2023-survivor,NA,K,2,C,YO7,5,13,YO7_5
1795,1811,22,2,2023-survivor,NA,K,7,C,SC,6,2,SC_6
1799,1813,22,2,2023-survivor,NA,K,8,C,IH,1,2,IH_1
1816,1822,22,2,2023-TM2-fruit,NA,K,12,D,TM2,6,12,TM2_6
