bed ,row ,col ,unique.ID ,phen ,diam.mm ,num.flw ,date.collected ,long.fruit.cm ,total.branch ,overhd.diam ,overhd.perp ,survey.date ,survey.notes ,
A ,1,A ,buffer ,,,,,,,,,,,
A ,1,B ,buffer ,,,,,,,,,,,
A ,2,A ,551,P ,18.91,0,6/4/24,1,1,86.1,84,6/4/24,,
A ,2,B ,444,,,,,,,,,,,
A ,3,A ,1315,,,,,,,,,,,
A ,3,B ,1252,P ,19.38,2,6/4/24,5.5,2,132,90,4-Jun,,
A ,4,A ,107,,,,,,,,,,,
A ,4,B ,270,,,,,,,,,,,
A ,5,A ,765,,,,,,,,,,,
A ,5,B ,472,,,,,,,,,,,
A ,6,A ,1344,,,,,,,,,,,
A ,6,B ,1035,,,,,,,,,,,
A ,7,A ,622,P ,14.27,0,5/23/24,7.7,1,53.7,46.3,17-May,plant dry ,
A ,7,B ,119,,,,,,,,,,,
A ,8,A ,658,P ,15.87,0,5/23/24,7,1,119.8,81.1,17-May,,
A ,8,B ,684,,,,,,,,,,,
A ,9,A ,283,,,,,,,,,,,
A ,9,B ,516,,,,,,,,,,,
A ,10,A ,131,P ,7.04,0,5/23/24,5.8,1,35.8,28.5,17-May,growing under 643 ,
A ,10,B ,864,,,,,,,,,,,
A ,11,A ,643,P ,20.96,0,6/4/24,7.7,1,103,80,6/4/24,,
A ,11,B ,191,,,,,,,,,,,
A ,12,A ,720,P ,15.1,0,5/23/24,7.2,1,84,79,21-May,,
A ,12,B ,535,V ,4.6,0,6/28/24,NA ,1,14,9.5,28-Jun,,
A ,13,A ,1267,P ,10.38,0,6/14/14,7.4,1,51.5,47,6/4/24,,
A ,13,B ,1228,P ,16.61,0,5/23/24,7.6,1,76.8,54.1,17-May,,
A ,14,A ,1023,,,,,,,,,,,
A ,14,B ,1095,,,,,,,,,,,
A ,15,A ,1367,P ,16.86,9,5/28/24,10.5,1,76.4,97.5,21-May,nine flowers ,
A ,15,B ,344,,,,,,,,,,,
A ,16,A ,95,P ,2.71,0,6/14/24,7.9,1,32,10.8,6/24/24,counted 15 fruit,
A ,16,B ,380,,,,,,,,,,,
A ,17,A ,2002,P,13.99,3,5/28/24,9.8,1,73.5,95.2,5/21/24,,
A ,17,B ,32,P ,12.76,0,6/6/24,8.1,1,62,55,6-Jun,,
A ,18,A ,1060,P ,8.09,0,6/6/24,7.7,1,38,34,6-Jun,,
A ,18,B ,78,P ,11.29,5,6/6/24,8.6,1,52,44,3-May,counted 478 fruits,
A ,19,A ,167,,,,,,,,,,,
A ,19,B ,257,P ,5.11,0,6/6/24,7,1,29,24,6-Jun,,
A ,20,A ,849,,,,,,,,,,,
A ,20,B ,489,P ,8.22,0,6/28/24,6.8,3,60.5,56.5,6/28/24,,
A ,21,A ,403,P ,16.39,4,5/28/24,8.5,1,61.5,97,21-May,,
A ,21,B ,915,,,,,,,,,,,
A ,22,A ,1293,,,,,,,,,,,
A ,22,B ,227,P ,12.35,87,5/28/24,6.2,1,69.8,54.6,17-May,,
A ,23,A ,buffer ,,,,,,,,,,,
A ,23,B ,356,,,,,,,,,,,
A ,24,A ,679,,,,,,,,,,,
A ,24,B ,buffer ,,,,,,,,,,,
A ,25,A ,820,,,,,,,,,,,
A ,25,B ,89,P ,14.02,0,5/28/24,9.7,1,71,34,23-May,,
A ,26,A ,561,P ,20.12,55,5128124,8.7,1,98,112.5,5/21/24,,
A ,26,B ,1377,P ,21.99,0,6/28/24,8.7,1,78.5,67,6/28/24,,
A ,27,A ,251,P ,13.64,11,5/28/24,7.6,1,57.6,45.7,17-May,,
A ,27,B ,152,,,,,,,,,,,
A ,28,A ,846,,,,,,,,,,,
A ,28,B ,1389,P ,16.79,0,6/28/24,6.2,1,71,60,6/28/24,,
A ,29,A ,729,P ,11.96,0,6/6/24,7.9,1,56,34,6/6/24,filled in the survey date based on the collection date (empty on hard copy) ,
A ,29,B ,619,P ,20.43,4,5/28/24,8.7,1,133.2,98.5,17-May,,
A ,30,A ,1364,P ,9.36,0,5/28/24,10.2,1,75.7,54.3,17-May,,
A ,30,B ,600,,,,,,,,,,,
A ,31,A ,486,P ,11.55,0,5/28/24,6.7,1,17.2,46.2,21-May,,
A ,31,B ,1020,,,,,,,,,,,
A ,32,A ,1213,P ,17.83,0,5/28/24,9.8,1,102,77,23-May,,
A ,32,B ,1150,,,,,,,,,,,
A ,33,A ,1225,P ,13.29,0,5/28/24,7.9,1,70.3,59.6,17-May,,
A ,33,B ,532,,,,,,,,,,,
A ,34,A ,717,P ,15.33,4,5/28/24,8.1,1,76.4,65.5,5/21/24,,
A ,34,B ,441,P ,16.52,0,5/28/24,8.1,1,125,102,23-May,,
A ,35,A ,429,P ,13.36,5,5/30/24,9.1,1,77.2,106.9,5/21/24,,
A ,35,B ,304,,,,,,,,,,,
A ,36,A ,513,P ,13.23,,5/30/24,6.8,1,64.7,21.4,5/21/24,,
A ,36,B ,1080,,,,,,,,,,,
A ,37,A ,743,P ,24.34,1,5/30/24,9.2,1,71.4,95.3,21-May,,
A ,37,B ,544,,,,,,,,,,,
A ,38,A ,1337,,,,,,,,,,,
A ,38,B ,369,,,,,,,,,,,
A ,39,A ,1290,V ,12.97,0,5/30/24,NA ,1,31.2,27.8,17-May,counted 0 fruit; plant dry,
A ,39,B ,498,P ,14.05,0,5/30/24,9.1,1,73.6,70.2,17-May,,
A ,40,A ,1278,P ,12.74,0,6/28/24,4.6,1,41.5,48.5,28-Jun,,
A ,40,B ,353,,,,,,,,,,,
A ,41,A ,279,,,,,,,,,,,
A ,41,B ,176,,,,,,,,,,,
A ,42,A ,1068,,,,,,,,,,,
A ,42,B ,655,P ,23.62,0,6/6/24,7.8,1,121,99,6-Jun,,
A ,43,A ,996,P ,15.59,32,5/30/24,8.8,1,188.5,118.5,21-May,,
A ,43,B ,899,,,,,,,,,,,
A ,44,A ,140,,,,,,,,,,,
A ,44,B ,59,P ,15.04,0,5/30/24,7.9,1,103.2,54.8,17-May,,
A ,45,A ,212,,,,,,,,,,,
A ,45,B ,1196,P ,16.18,0,6/28/24,8.4,1,43,37,6/28/24,,
A ,46,A ,buffer ,,,,,,,,,,,
A ,46,B ,buffer ,,,,,,,,,,,
A ,1,C ,buffer ,,,,,,,,,,,
A ,1,D ,buffer ,,,,,,,,,,,
A ,2,C ,1199,P ,7.86,0,6/6/24,6.7,1,64,46,6/6/24,,
A ,2,D ,1281,P ,7.73,NA ,5/14/24,5.5,1,49.5,56.5,7-May,5/14 Plant dead ,
A ,3,C ,179,,,,,,,,,,,
A ,3,D ,1216,P ,19.66,0,NA,9.9,1,106,87,6/28/24,accidentally havested w/ 987 ,
A ,4,C ,1240,P ,16.01,0,6/28/24,5.6,1,62,71,6/28/24,,
A ,4,D ,987,NA,NA,NA,NA,NA,NA,NA,NA,NA,accidentally got harvested with 1216,
A ,5,C ,501,p ,9.29,0,6/6/24,6.2,1,42,41,6/6/24,,
A ,5,D ,62,P ,8.7,0,5/30/24,9.7,1,28.9,10.1,17-May,,
A ,6,C ,215,P ,27.12,0,6/28/24,9.7,1,67,78,6/28/24,,
A ,6,D ,1071,X ,1.51,0,5/30/24,NA ,1,48,22,5/23/24,fruit too dry ,
A ,7,C ,143,P ,5.71,0,6/28/24,3.4,1,25.3,14.5,6/28/24,,
A ,7,D ,1141,P ,8.34,0,6/28/24,8.4,1,35,38,6/28/24,,
A ,8,C ,6,P ,17.68,21,NA,7.4,1,80,62,3-May,counted 1017 fruits; no collection date on data sheet,
A ,8,D ,779,P ,16.45,0,6/28/24,7.5,1,97,74,6/28/24,,
A ,9,C ,999,P ,21.54,0,NA,7.8,1,94,53,6/28/24,no collection date on data sheet,
A ,9,D ,952,,,,,,,,,,,
A ,10,C ,747,P ,19.97,0,7/3/24,9.2,1,85,66,7/3/24,,
A ,10,D ,576,,,,,,,,,,,
A ,11,C ,2014,,,,,,,,,,,
A ,11,D ,239,P ,15.37,0,6/6/24,9.2,1,51,50,6/6/24,,
A ,12,C ,708,P ,19.69,0,6/6/24,8.4,1,133,97,6/6/24,,
A ,12,D ,1122,X ,3.45,0,7/3/24,NA ,1,12.5,6,7/3/24,,
A ,13,C ,1380,,,,,,,,,,,
A ,13,D ,1083,P ,10.31,0,7/3/24,5,1,43,40,7/3/24,,
A ,14,C ,796,V ,15.75,0,NA,NA ,3,71.2,44.6,17-May,drying; not collected because no fruit,
A ,14,D ,1047,P ,10.53,0,6/6/24,6.3,1,59,53,6/6/24,,
A ,15,C ,312,,,,,,,,,,,
A ,15,D ,155,X ,5.16,NA ,7/3/24,NA ,1,9.5,8.5,7/3/24,,
A ,16,C ,670,P ,22.5,0,5/30/24,8.4,1,87.5,91,5/23/24,,
A ,16,D ,432,P ,17.15,0,6/6/24,8.5,1,94,81,6/6/24,,
A ,17,C ,203,P ,22.6,0,7/3/24,9.5,1,102,54,7/3/24,,
A ,17,D ,1011,,,,,,,,,,,
A ,18,C ,20,,,,,,,,,,,
A ,18,D ,564,P ,21.19,0,7/3/24,9.2,2,83,95,7/3/24,,
A ,19,C ,48,P ,14.34,0,5/30/24,11.7,1,39.5,45,5/23/24,,
A ,19,D ,837,,,,,,,,,,,
A ,20,C ,460,X ,5.73,NA ,7/3/24,NA ,1,23.5,19,7/3/24,,
A ,20,D ,732,P ,8.56,31,5/30/24,7.8,1,67.8,51.2,17-May,drying but flowers ,
A ,21,C ,2038,X ,9.76,0,7/3/24,NA,1,18,13.5,7/3/24,,
A ,21,D ,1153,,,,,,,,,,,
A ,22,C ,2050,P ,25.86,0,7/3/24,9.8,4,98,58,7/3/24,,
A ,22,D ,2026,,,,,,,,,,,
A ,23,C ,buffer ,,,,,,,,,,,
A ,23,D ,608,P ,24.82,0,7/3/24,9,1,100,85,7/3/24,,
A ,24,C ,buffer ,,,,,,,,,,,
A ,24,D ,469,X ,8.23,0,7/3/24,NA ,1,30,30,7/3/24,,
A ,25,C ,776,P ,16.99,0,5/30/24,8.4,1,88.5,88.1,5/23/24,,
A ,25,D ,761,P ,,0,6/6/24,,1,,,6/6/24,empty cells on datasheet,
A ,26,C ,2011,P ,14.43,0,6/14/24,8.5,1,83,64,6/6/24,,
A ,26,D ,333,P ,,0,6/6/24,,1,,,6/6/24,empty cells on datasheet,
A ,27,C ,236,P ,13.04,0,6/6/24,6.4,1,61,58,6/6/24,,
A ,27,D ,1057,P ,16.43,0,7/3/24,5.7,4,33,44,7/3/24,,
A ,28,C ,638,X ,9.81,NA ,7/3/24,NA ,1,29,23,7/3/24,,
A ,28,D ,17,P ,17.18,0,5/30/24,8.5,1,90.5,72.3,5/23/24,,
A ,29,C ,980,X ,3.62,0,7/3/24,NA ,1,7.5,9.5,7/3/24,,
A ,29,D ,75,P ,12.7,0,6/14/24,8.6,1,84,58,6/6/24,,
A ,30,C ,116,,,,,,,,,,,
A ,30,D ,224,P ,18.93,0,7/3/24,6.2,1,39,42,7/3/24,,
A ,31,C ,200,P ,28.37,0,7/3/24,11.4,1,97,77,713124,,
A ,31,D ,949,,,,,,,,,,,
A ,32,C ,1264,P ,11.18,0,5/30/24,7.4,2,71.3,53,5/23/24,,
A ,32,D ,1092,,,,,,,,,,,
A ,33,C ,164,,,,,,,,,,,
A ,33,D ,1104,x ,6.51,0,7/3/24,NA ,1,14.5,18 . 0 ,713124,Dead ,
A ,34,C ,1008,P ,20.76,0,7/3/24,8.6,1,108,95,713124,,
A ,34,D ,2035,,,,,,,,,,,
A ,35,C ,1138,,,,,,,,,,,
A ,35,D ,3,,,,,,,,,,,
A ,36,C ,393,,,,,,,,,,,
A ,36,D ,45,P ,8.13,0,5/30/24,10.2,1,60.5,47,5/23/24,,
A ,37,C ,104,P ,3.33,0,6/14/24,4,1,21.5,15,6/6/24,,
A ,37,D ,29,P ,29.96,5,5/30/24,9.2,1,104,130,5121,Many flowers diseased. ,
A ,38,C ,2023,,,,,,,,,,,
A ,38,D ,698,P ,9.54,0,7/3/24,9.2,1,71,57,7/3/24,,
A ,39,C ,667,P ,19.94,0,6/14/24,8,1,95,69,6/6/24,,
A ,39,D ,453,P ,3.18,0,5/30/24,6.9,1,28,25,21-May,,
A ,40,C ,858,,,,,,,,,,,
A ,40,D ,1044,X ,5.76,0,,NA ,1,8.5,8,7/3/24,,
A ,41,C ,267,,,,,,,,,,,
A ,41,D ,573,P ,20.72,29,6/14/24,9.5,1,66.1,82.7,21-May,5130 census premature delete cells ,
A ,42,C ,1237,P ,6,0,5/30/24,7.1,1,61.5,48.2,5/23/24,,
A ,42,D ,188,,,,,,,,,,,
A ,43,C ,2047,P ,17.44,0,NA,9.6,1,115,32,7/3/24,no date collected on data sheet,
A ,43,D ,790,,,,,,,,,,,
A ,44,C ,1032,,,,,,,,,,,
A ,44,D ,1249,P ,8.28,0,5/30/24,6.5,1,50.4,11.1,17-May,plant very dry; counted 11 fruits,
A ,45,C ,1304,,,,,,,,,,,
A ,45,D ,128,,,,,,,,,,,
A ,46,C ,buffer ,,,,,,,,,,,
A ,46,D ,buffer ,,,,,,,,,,,
B ,1,A ,buffer ,,,,,,,,,,,
B ,1,B ,buffer ,,,,,,,,,,,
B ,2,A ,259,P ,13.16,1,6/4/24,8.7,1,55,40,6/4/24,,
B ,2,B ,132,,,,,,,,,,,
B ,3,A ,623,P ,17.44,0,5/30/24,9.6,1,135,75.3,5/23/24,,
B ,3,B ,1200,P ,14.72,0,5/30/24,8,1,100.5,85.4,5/23/24,,
B ,4,A ,381,,,,,,,,,,,
B ,4,B ,1368,P ,18.25,0,6/27/24,9.3,1,98.5,92,6/27/24,,
B ,5,A ,271,,,,,,,,,,,
B ,5,B ,850,,,,,,,,,,,
B ,6,A ,180,,,,,,,,,,,
B ,6,B ,228,P ,7.8,0,5/30/24,NA ,1,32.1,35.2,5/23/24,too shrivelled - no fruits left ,
B ,7,A ,838,,,,,,,,,,,
B ,7,B ,748,P ,17.71,0,6/4/24,10.8,1,92,73.5,6/4/24,,
B ,8,A ,461,,,,,,,,,,,
B ,8,B ,733,P ,22.65,0,6/4/24,7.9,3,121,88.4,6/4/24,,
B ,9,A ,33,P ,14.63,0,5/30/24,8.8,1,87.1,53.5,5/23/24,,
B ,9,B ,685,P ,14.36,0,6/4/24,7.1,1,72,54,6/4/24,,
B ,10,A ,192,,,,,,,,,,,
B ,10,B ,1294,,,,,,,,,,,
B ,11,A ,671,P ,20.4,0,6/4/24,8.8,1,152.5,88,6/4/24,,
B ,11,B ,577,,,,,,,,,,,
B ,12,A ,2039,,,,,,,,,,,
B ,12,B ,921,,,,,,,,,,,
B ,13,A ,1096,X ,9.05,0,6/27/24,NA ,1,16.5,14,6127124,,
B ,13,B ,204,P ,23.32,0,6/27/24,10,2,58,59,6/27/24,,
B ,14,A ,1241,P ,18.36,0,6/27/24,7.5,3,100,90,6/27/24,some have denissed ,
B ,14,B ,721,X ,10.64,0,6/27/24,NA ,4,18,15,6/27/24,,
B ,15,A ,2051,P,16.7,0,6/27/24,7.2,3,48,37,6/27/24,,
B ,15,B ,553,P ,15.39,0,5/30/24,9.3,4,97.2,74,5/23/24,,
B ,16,A ,96,p ,13.91,0,6/4/24,10.4,1,46,55,6/4/24,,
B ,16,B ,216,,,,,,,,,,,
B ,17,A ,1012,P ,16.78,0,6/4/24,9.5,1,100.2,116,6/4/24,,
B ,17,B ,168,,,,,,,,,,,
B ,18,A ,1282,P ,11.48,0,6/4/24,9.5,1,83.2,60,6/4/24,,
B ,18,B ,1142,,,,,,,,,,,
B ,19,A ,345,V ,4.41,0,5/30/24,NA ,1,12.2,6.9,17-May,plant dry; counted 0 fruit,
B ,19,B ,49,P ,21.42,0,5/30/24,10.9,1,61,89.5,5/23/24,,
B ,20,A ,1000,,,,,,,,,,,
B ,20,B ,1084,V ,3.87,0,5/30/24,NA ,1,11.2,10.7,17-May,plant dry; counted 0 fruit,
B ,21,A ,797,X ,16.06,0,6/6/24,NA ,1,21.9,20.4,17-May,plant dry/dead; counted 0 fruit,
B ,21,B ,565,P ,19.76,0,6/27/24,1/7/00,3,87,84,6/27/24,starting to dehisc,
B ,22,A ,609,P ,17.09,0,6/27/24,8.8,1,83,58,6127124,starting to dehisc,
B ,22,B ,7,P ,10.33,0,5/30/24,8.2,1,56.1,36,5/23/24,dry - lost a branch,
B ,23,A ,buffer ,,,,,,,,,,,
B ,23,B ,433,,,,,,,,,,,
B ,24,A ,buffer ,,,,,,,,,,,
B ,24,B ,1347,,,,,,,,,,,
B ,25,A ,50,P ,15.75,0,5/30/24,11.1,1,77.5,64.5,5/23/24,,
B ,25,B ,868,,,,,,,,,,,
B ,26,A ,434,P ,15.02,0,6/27/24,7.9,1,82,71,6/27/24,,
B ,26,B ,80,P ,6.28,0,5/30/24,8.9,1,50.5,33,5/23/24,,
B ,27,A ,1295,,,,,,,,,,,
B ,27,B ,272,,,,,,,,,,,
B ,28,A ,2004,P ,12.46,0,6/27/24,8.9,3,109,100,6/27/24,,
B ,28,B ,2040,,,,,,,,,,,
B ,29,A ,462,,,,,,,,,,,
B ,29,B ,955,,,,,,,,,,,
B ,30,A ,157,,,,,,,,,,,
B ,30,B ,446,P ,14.38,0,5/30/24,8.6,2,71.2,67.8,17-May,plant dry ,
B ,31,A ,1270,,,,,,,,,,,
B ,31,B ,1370,P ,12.25,0,5/30/24,10.1,1,72.1,61,5/23/24,,
B ,32,A ,1242,P ,22.07,0,6/27/74,8,5,1,102,92,6127124,
B ,32,B ,1025,,,,,,,,,,,
B ,33,A ,1230,P ,18.69,0,6/27/24,8,5,1,66,58,6127124,
B ,33,B ,1202,P ,22.87,0,5/30/24,8.3,1,93.5,91,5/23/24,,
B ,34,A ,358,,,,,,,,,,,
B ,34,B ,285,,,,,,,,,,,
B ,35,A ,34,,,,,,,,,,,
B ,35,B ,1317,,,,,,,,,,,
B ,36,A ,1085,,,,,,,,,,,
B ,36,B ,229,,,,,,,,,,,
B ,37,A ,610,,,,,,,,,,,
B ,37,B ,839,,,,,,,,,,,
B ,38,A ,2016,,,,,,,,,,,
B ,38,B ,260,,,,,,,,,,,
B ,39,A ,412,,,,,,,,,,,
B ,39,B ,989,P ,17.34,0,5/30/24,11.7,1,83,69,5/23/24,,
B ,40,A ,1001,,,,,,,,,,,
B ,40,B ,624,,,,,,,,,,,
B ,41,A ,801,,,,,,,,,,,
B ,41,B ,145,,,,,,,,,,,
B ,42,A ,722,P ,17.4,0,5/30/24,8.2,1,43.5,67,0,5/23/24,
B ,42,B ,1283,,,,,,,,,,,
B ,43,A ,672,,,,,,,,,,,
B ,43,B ,1062,,,,,,,,,,,
B ,44,A ,686,,,,,,,,,,,
B ,44,B ,1097,,,,,,,,,,,
B ,45,A ,buffer ,,,,,,,,,,,
B ,45,B ,346,,,,,,,,,,,
B ,46,A ,buffer ,,,,,,,,,,,
B ,46,B ,buffer ,,,,,,,,,,,
B ,1,C ,buffer ,,,,,,,,,,,
B ,1,D ,buffer ,,,,,,,,,,,
B ,2,C ,1381,,,,,,,,,,,
B ,2,D ,79,X ,17.43,0,5/17/24,8.9,1,47.2,39.6,17-May,dead/snapped arroady offates ,
B ,3,C ,2015,X ,4.16,0,7/3/24,NA ,1,85,10.6,7/3/24,,
B ,3,D ,357,X ,3.54,0,7/3/24,NA ,1,6,4.5,7/3/24,,
B ,4,C ,445,P ,15.37,0,5/30/24,9.5,1,99,90,,,
B ,4,D ,767,P ,18.81,0,5/30/24,7,3,40,44,,,
B ,5,C ,2003,P ,15.11,0,6/13/24,7.7,1,93.5,61.3,6/7/24,,
B ,5,D ,284,,,,,,,,,,,
B ,6,C ,21,P ,12.23,0,6/13/24,9.2,1,59.8,44,6/7/24,,
B ,6,D ,1254,P ,27.19,0,6/13/24,9.3,1,145,70.3,6/7/24,,
B ,7,C ,504,P ,13.85,0,6/13/24,8.4,1,71.1,67.7,6/7/24,,
B ,7,D ,659,P ,17.32,0,6/13/24,7.5,1,53.8,62.2,6/7/24,,
B ,8,C ,1154,P ,5.95,0,6/27/24,3.1,3,57,32.5,6/27/24,,
B ,8,D ,156,,,,,,,,,,,
B ,9,C ,1128,,,,,,,,,,,
B ,9,D ,144,,,,,,,,,,,
B ,10,C ,781,P ,20.33,0,6/27/24,5.4,11,84.8,64,6/27/24,,
B ,10,D ,866,,,,,,,,,,,
B ,11,C ,108,,,,,,,,,,,
B ,11,D ,1072,,,,,,,,,,,
B ,12,C ,1048,,,,,,,,,,,
B ,12,D ,120,,,,,,,,,,,
B ,13,C ,1061,P ,9.56,0,6/13/24,8,1,53.2,34.2,6/7/24,,
B ,13,D ,1036,,,,,,,,,,,
B ,14,C ,988,P ,22.28,0,6/13/24,8.1,1,100,93,6/13/20,lost seed ,
B ,14,D ,953,,,,,,,,,,,
B ,15,C ,313,,,,,,,,,,,
B ,15,D ,1229,P ,9.26,0,6/13/24,6.7,1,70.1,45.4,6/7/24,,
B ,16,C ,490,,,,,,,,,,,
B ,16,D ,644,P ,21.22,0,6/13/24,10.1,1,88.9,47.9,6/7/24,,
B ,17,C ,709,P ,10.63,0,6/6/24,6.9,1,63.5,53.2,17-May,plant dry/near dead; counted 11 fruits,
B ,17,D ,473,,,,,,,,,,,
B ,18,C ,2027,,,,,,,,,,,
B ,18,D ,517,,,,,,,,,,,
B ,19,C ,1316,,,,,,,,,,,
B ,19,D ,241,P ,11.37,0,6/13/24,6.6,1,62.3,36.8,6/7/24,,
B ,20,C ,536,,,,,,,,,,,
B ,20,D ,1217,P ,26.79,0,6/13/24,10.2,1,99.1,55.7,6/7/24,,
B ,21,C ,1024,,,,,,,,,,,
B ,21,D ,63,P ,10.12,0,6/13/24,9,1,56.1,30.3,6/7/24,,
B ,22,C ,1269,,,,,,,,,,,
B ,22,D ,1346,,,,,,,,,,,
B ,23,C ,405,B ,20.09,5,6/13/24,8.6,1,88.9,87.9,6/7/24,6/7 most of plant is dry and P / but some buds ,
B ,23,D ,buffer ,,,,,,,,,,,
B ,24,C ,buffer ,,,,,,,,,,,
B ,24,D ,768,P ,13.4,0,6/13/24,5.5,1,29.8,12.2,6/7/24,,
B ,25,C ,1143,,,,,,,,,,,
B ,25,D ,169,,,,,,,,,,,
B ,26,C ,646,P ,20.97,6,6/13/24,9.7,1,90.8,71.7,6/7/24,,
B ,26,D ,734,P ,9.84,0,6/13/24,7.8,1,39.4,36,6/7/24,,
B ,27,C ,1131,P ,13.7,0,6/27/24,5.6,4,47.8,40.9,6/27/24,Already dehissing ,
B ,27,D ,205,P ,22.87,0,6/27/24,9,6,86.7,73.2,6/27/24,,
B ,28,C ,217,P ,20.3,0,6/27/24,6.8,5,81.2,62.3,6/27/24,,
B ,28,D ,537,,,,,,,,,,,
B ,29,C ,1382,P ,11.35,0,6/13/24,8.8,1,43.5,33.8,6/7/24,,
B ,29,D ,64,X ,13.65,0,6/27/24,8.8,1,64.5,48,6/27/24,,
B ,30,C ,580,,,,,,,,,,,
B ,30,D ,660,P ,20.34,0,6/13/24,8.3,1,99.4,46.3,6/7/24,,
B ,31,C ,1160,,,,,,,,,,,
B ,31,D ,1255,P ,9.93,0,6/13/24,7.7,1,39.2,33.6,6/7/24,No fruit at harvest. Dropped Or wrong elant on 617? ,
B ,32,C ,382,,,,,,,,- ,,,
B ,32,D ,22,P ,15.08,0,6/13/24,9,1,60.6,49.7,6/7/24,,
B ,33,C ,518,,,,,,,,,,,
B ,33,D ,314,,,,,,,,,,,
B ,34,C ,1049,P ,10.43,0,6/13/24,5.3,2,54.9,52.7,6/7/24,,
B ,34,D ,1037,,,,,,,,,,,
B ,35,C ,491,P ,13.26,0,6/13/24,6.8,1,54.5,43.6,6/7/24,,
B ,35,D ,133,x ,8.24,0,6/13/24,NA ,1,16.8,14.6,6/7/24,,
B ,36,C ,554,P ,28.29,0,6/13/24,10.3,1,78,70.2,6/7/24,Lost seed during harvest ,
B ,36,D ,783,,,,,,,,,,,
B ,37,C ,2028,P ,18.58,0,6/27/24,5.3,6,49,30.2,6/27/24,Already dehissing ,
B ,37,D ,474,X ,8.94,0,6/13/24,NA ,4,46.9,40.1,6/1/24,,
B ,38,C ,97,,,,,,,,,,,
B ,38,D ,505,P ,17.73,0,6/27/24,9.4,3,71.8,50.6,6/27/24,Alrendy dehissing ,
B ,39,C ,193,,,,,,,,,,,
B ,39,D ,749,P ,30.2,0,6/13/24,10,1,124,94.1,6/7/24,,
B ,40,C ,1218,P ,8.82,0,6/13/24,8.8,1,36.7,36,6/7/24,,
B ,40,D ,851,,,,,,,,,,,
B ,41,C ,121,,,,,,,,,,,
B ,41,D ,710,P ,21.11,0,,7.3,1,113.2,76.4,6/7/24,already collected ,
B ,42,C ,181,,,,,,,,,,,
B ,42,D ,8,,,,,,,,,,,
B ,43,C ,1013,,,,,,,,,,,
B ,43,D ,242,,,,,,,,,,,
B ,44,C ,109,,,,,,,,,,,
B ,44,D ,1073,,,,,,,,,,,
B ,45,C ,922,,,,,,,,,,,
B ,45,D ,566,P ,19.46,0,,9.4,5,95.8,59.2,6/7/24,already collected ,
B ,46,C ,buffer ,,,,,,,,,,,
B ,46,D ,buffer ,,,,,,,,,,,
C ,1,A ,buffer ,,,,,,,,,,,
C ,1,B ,buffer ,,,,,,,,,,,
C ,2,A ,244,P ,10.46,0,6/6/24,8.5,1,50,40,,,
C ,2,B ,2030,P ,9.43,0,7/3/24,1.2,1,23,14,7/3/24,,
C ,3,A ,1064,P ,20.69,0,6/6/24,5.5,5,47,68,,,
C ,3,B ,508,P ,11.24,0,5/30/24,6.7,2,45.3,28.5,17-May,5/17 plant drying ,
C ,4,A ,582,,,,,,,,,,,
C ,4,B ,195,,,,,,,,,,,
C ,5,A ,464,,,,,,,,,,,
C ,5,B ,111,,,,,,,,,,,
C ,6,A ,11,P ,13.85,0,5/23/24,9.4,1,61.5,22.2,5/17/24,,
C ,6,B ,1257,P ,18.15,0,7/3/24,8.9,1,160,112,7/3/24,,
C ,7,A ,1145,,,,,,,,,,,
C ,7,B ,556,,,,,,,,,,,
C ,8,A ,1384,P ,12.31,0,7/3/24,8.3,1,83,52,7/3/24,,
C ,8,B ,53,P ,11.16,0,6/6/24,8.9,1,54.7,45.8,6/6/24,,
C ,9,A ,1039,,,,,,,,,,,
C ,9,B ,436,P ,18.28,0,6/6/24,7.4,1,85.6,70.8,6/6/24,,
C ,10,A ,805,,,,,,,,,,,
C ,10,B ,1015,,,,,,,,,,,
C ,11,A ,2006,P ,24.37,0,7/3/24,7.4,1,106,a 97 ,7/3/24,,
C ,11,B ,1349,V ,7.89,0,7/3/24,NA ,1,13.5,11.5,7/3/24,,
C ,12,A ,991,P ,5.68,0,6/6/24,9.5,1,48.2,7.8,6/6/24,,
C ,12,B ,1232,,,,,,,,,,,
C ,13,A ,319,,,,,,,,,,,
C ,13,B ,288,,,,,,,,,,,
C ,14,A ,736,P ,15.43,0,6/6/24,8,1,46.8,35.1,6/6/24,,
C ,14,B ,662,P ,16.05,0,6/6/24,6.8,1,63.8,52,6/6/24,,
C ,15,A ,539,,,,,,,,,,,
C ,15,B ,1220,P ,16.24,0,7/3/24,8.1,1,86,68,7/3/24,,
C ,16,A ,520,,,,,,,,,,,
C ,16,B ,674,P ,13.57,2,5/23/24,8.3,2,84.6,53.8,17-May,,
C ,17,A ,1027,,,,,,,,,,,
C ,17,B ,627,P ,17.28,0,6/6/24,8,9,1,109.4,65.5,6/6/24,
C ,18,A ,771,P ,18.81,0,6/6/24,7.6,1,88.1,73.8,6/6/24,day lots seed loss ,
C ,18,B ,841,,,,,,,,,,,
C ,19,A ,2018,,,,,,,,,,,
C ,19,B ,476,,,,,,,,,,,
C ,20,A ,1133,,,,,,,,,,,
C ,20,B ,1372,P ,29.22,0,7/3/24,7.5,1,129,38,7/3/24,,
C ,21,A ,448,P ,15.75,0,6/6/24,9,1,71.2,65.6,6/6/24,,
C ,21,B ,207,,,,,,,,,,,
C ,22,A ,38,P ,13.34,0,6/6/24,7.8,1,55.8,36.8,1/6/24,,
C ,22,B ,219,P ,10.01,0,6/6/24,6.3,1,32.2,28.9,6/6/24,,
C ,23,A ,buffer ,,,,,,,,,,,
C ,23,B ,buffer ,,,,,,,,,,,
C ,24,A ,189,,,,,,,,,,,
C ,24,B ,950,,,,,,,,,,,
C ,25,A ,762,P ,11.64,0,5/23/24,6.6,3,39.8,24.8,17-May,,
C ,25,B ,442,P ,16.66,0,5/23/24,10.2,1,114.2,93.4,17-May,,
C ,26,A ,253,P ,10.72,0,7/3/24,6.1,1,42,29,7/3/24,,
C ,26,B ,1197,P ,10.84,0,5/23/24,8.2,1,58.4,36.2,17-May,,
C ,27,A ,744,P ,19.86,0,6/6/24,9.5,1,95.4,63.8,6/6/24,,
C ,27,B ,2012,,,,,,,,,,,
C ,28,A ,718,P ,16.51,0,6/6/24,7.8,l ,81.4,49.3,6/6/24,616 very dirglaced loss ,
C ,28,B ,1338,V ,6.71,0,7/3/24,NA ,1,10,9.5,7/3/24,,
C ,29,A ,225,,,,,,,,,,,
C ,29,B ,1226,P ,13.72,0,14-May,9.3,1,84,46,7-May,5/7 half dead / 5/14 lost seeds ,
C ,30,A ,374,,,,,,,,,,,
C ,30,B ,129,X ,2.51,0,7/3/24,NA ,1,4.7,3.1,7/3/24,,
C ,31,A ,268,,,,,,,,,,,
C ,31,B ,430,P ,21.86,0,6/6/24,8.5,1,89.4,63.2,6/6/24,,
C ,32,A ,105,,,,,,,,,,,
C ,32,B ,620,P ,22.64,0,6/6/24,8.5,1,107.1,87.3,6/6/24,,
C ,33,A ,1139,,,,,,,,,,,
C ,33,B ,177,P ,11.88,0,6/6/24,5.7,1,22.7,19.1,6/6/24,,
C ,34,A ,499,P ,15.75,0,,9,1,13.6,51.8,6/6/24,614 dry/seed loss (NACH already ,
C ,34,B ,213,P ,30.96,0,7/3/24,10,1,109,12,7/3/24,,
C ,35,A ,4,,,,,,,,,,,
C ,35,B ,237,P ,9.32,0,7/3/24,6.1,1,36,32,1/3/24,,
C ,36,A ,984,X ,4.31,0,7/3/24,NA ,1,6.5,3.1,7/3/24,,
C ,36,B ,2048,P ,26.92,0,7/3/24,7.2,1,82,69,7/3/24,,
C ,37,A ,1009,P ,22.89,0,7/3/24,9.7,1,78,57,7/3/24,,
C ,37,B ,1021,,,,,,,,,,,
C ,38,A ,487,P ,14.14,0,5/23/24,9.5,1,83.3,44.9,17-May,,
C ,38,B ,791,,,,,,,,,,,
C ,39,A ,470,X ,NA ,0,7/3/24,NA ,5,44,41,7/3/24,bushy plant, close toground stem too 
C ,39,B ,912,,,,,,,,,,,
C ,40,A ,76,P,16.17,0,,9.2,1,98.8,45.5,6/6/24,already vollected ,
C ,40,B ,60,P ,15,0,5/30/24,10,1,92,51.4,17-May,,
C ,41,A ,514,P ,18.86,0,,8.5,1,99.7,52,6/6/24,already collected ,
C ,41,B ,2024,,,,,,,,,,,
C ,42,A ,90,P ,20.45,0,6/6/24,10.7,1,96.7,31.4,6/6/24,,
C ,42,B ,165,X ,NA ,0,7/3/24,NA ,1,15,12,7/3/24,diameter NA : stem too close to ground ,
C ,43,A ,153,,,,,,,,,,,
C ,43,B ,656,P ,17.38,0,7/3/24,8.1,1,71,67,7/3/24,,
C ,44,A ,280,,,,,,,,,,,
C ,44,B ,2036,,,,,,,,,,,
C ,45,A ,1093,,,,,,,,,,,
C ,45,B ,46,a ,13.35,0,6/6/24,9.4,1,47.2,30,6/6/24,,
C ,46,A ,buffer ,,,,,,,,,,,
C ,46,B ,buffer ,,,,,,,,,,,
C ,1,C ,buffer ,,,,,,,,,,,
C ,1,D ,buffer ,,,,,,,,,,,
C ,2,C ,66,X ,8.79,0,6/14/24,7,1,53.7,41.8,17-May,5/17 plant dry; counted 46 fruits,
C ,2,D ,612,P,23.96,0,7/3/24,9.7,1,138,71,7/3/24,mostly dry few-green Branches ,
C ,3,C ,171,X ,93,0,6/14/24,NA ,1,32,16,6/14/24,,
C ,3,D ,2042,,,,,,,,,,,
C ,4,C ,82,P ,11.48,0,5/30/24,8.8,1,69.9,39.6,17-May,,
C ,4,D ,1172,X ,7.71,0,6/14/24,NA ,1,11,10.5,6/14/24,,
C ,5,C ,689,P ,16.73,143,5/30/24,9.7,1,103.2,93.7,17-May,mostly dry but some green branches ,
C ,5,D ,99,,,,,,,,,,,
C ,6,C ,1075,,,,,,,,,,,
C ,6,D ,712,P ,14.69,0,6/6/24,9.2,3,52,78,6/6/24,,
C ,7,C ,883,,,,,,,,,,,
C ,7,D ,231,P ,14.29,0,6/14/24,6.1,1,57.7,45.9,6/7/24,still had green vegetative leaves ,
C ,8,C ,853,,,,,,,,,,,
C ,8,D ,1297,P ,12.35,0,6/14/24,6.1,1,52.2,31.2,6/7/24,6/7 difficult to measure ,
C ,9,C ,724,P ,32.14,0,6/14/24,9.2,1,123.4,92.2,6/7/24,diameter ,
C ,9,D ,1273,,,,,,,,,,- ,
C ,10,C ,493,P ,15.6,0,5/30/24,7.1,1,48.9,30.2,5/23/24,,
C ,10,D ,360,,,,,,,,,,,
C ,11,C ,1285,,,,,,,,,,,
C ,11,D ,650,P,19.37,0,6/14/24,7.6,1,105.8,63.9,6/7/24,,
C ,12,C ,785,,,,,,,,,,,
C ,12,D ,1099,,,,,,,,,,,
C ,13,C ,1051,X ,9.84,0,6/14/24,7.1,2,35.8,27.4,17-May,5/17 plant dry; counted 42 fruits,
C ,13,D ,274,,,,,,,,,,,
C ,14,C,1003,P ,19.24,0,5/30/24,10.2,1,99.5,64.5,5/23/24,,
C ,14,D ,751,P ,20.15,0,6/14/24,9.5,1,91.2,60.4,6/7/24,,
C ,15,C ,424,P ,21.89,0,5/30/24,6.5,1,65,58.8,5/23/24,,
C ,15,D ,1330,,,,,,,,,,,
C ,16,C ,24,P ,18.74,0,6/14/24,7.8,1,74,54,6/14/24,,
C ,16,D ,147,X ,3.93,0,7/3/24,NA ,1,11.5,12,7/3/24,,
C ,17,C ,123,P ,NA ,0,5/30/24,8.7,5,60.4,32.7,5/23/24,fruits dehiscing during harvest; cannot measure stem,
C ,17,D ,1244,P ,13.49,0,616124,8.2,1,98,90,6/6/24,,
C ,18,C ,384,,,,,,,,,,,
C ,18,D ,135,,,,,,,,,,,
C ,19,C ,159,,,,,,,,,,,
C ,19,D ,928,,,,,,,,,,,
C ,20,C ,1208,P ,19.93,0,6/14/24,7.6,1,150,71,6/14/24,,
C ,20,D ,568,P ,16.43,0,6/14/24,9.4,4,87.5,79,6/14/24,,
C ,21,C ,183,,,,,,,,,,,
C ,21,D ,348,X ,5.67,0,,NA ,1,31,19.5,6/14/24,,
C ,22,C ,262,,,,,,,,,,,
C ,22,D ,965,,,,,,,,,,,
C ,23,C ,buffer ,,,,,,,,,,,
C ,23,D ,1087,,,,,,,,,,,
C ,24,C ,buffer ,,,,,,,,,,,
C ,24,D ,605,P ,18.59,0,6/20/24,9,0,3,98,84,6/14/24,
C ,25,C ,30,,,,,,,,,,,
C ,25,D ,1378,P ,12.08,0,6/20/24,8.1,1,88,69.5,6/14/24,,
C ,26,C ,777,P ,14.75,0,6/14/24,9.2,1,99,94,6/14/24,,
C ,26,D ,859,,,,,,,,,,,
C ,27,C ,1309,P ,13.96,0,5/14/24,6.4,1,57,52,7-May,Lost seeds ,
C ,27,D ,668,,,,,,,,,,,
C ,28,C ,1045,X ,6.04,0,7/3/24,NA ,1,13,9,7/3/24,Dead ,
C ,28,D ,847,,,,,,,,,,,
C ,29,C ,1069,,,,,,,,,,,
C ,29,D ,1214,P ,15.55,0,7/3/24,11.6,1,14,58,7/3/24,MOSHLY Jeas, some gran 
C ,30,C ,339,,,,,,,,,,,
C ,30,D ,549,P ,14.96,0,6/6/24,8.2,8,75,82,6/6/24,,
C ,31,C ,562,P ,17.03,0,5/30/24,7.7,6,62.2,40.3,5/23/24,,
C ,31,D ,454,P ,15.76,5,6/6/24,7.8,7,70,62,6/6/24,,
C ,32,C ,1105,,,,,,,,,,,
C ,32,D ,730,P ,14.08,0,,7.6,2,90.5,83.5,6/14/24,,
C ,33,C ,1238,,,,,,,,,,,
C ,33,D ,574,,,,,,,,,,,
C ,34,C ,141,x ,9.11,0,7/3/24,NA ,1,17,18,7/3/24,,
C ,34,D ,1390,P ,12.46,0,7/3/24,5.7,1,78,66,7/3/24,dehisced fruit,
C ,35,C ,1058,P ,18.32,0,5/30/24,7,1,60,56.4,5/23/24,,
C ,35,D ,1250,P ,21.85,6,7/3/24,8.5,1,82,105,7/3/24,lovers in bugs ,
C ,36,C ,1033,X ,10.46,0,7/3/24,NA ,1,20,26,7/3/24,,
C ,36,D ,1365,P ,15.66,0,7/3/24,8.2,1,67,73,7/3/24,lost lots OF Seeds ,
C ,37,C ,997,P ,14.32,0,7/3/24,8.9,1,92,82,7/3/24,,
C ,37,D ,354,X ,6.77,0,7/3/24,NA ,1,23,22,7/3/24,,
C ,38,C ,1151,,,,,,,,,,,
C ,38,D ,18,P ,15.89,0,5/30/24,10,1,79.4,66.3,5/23/24,,
C ,39,C ,640,P ,18.03,0,7/3/24,9.2,1,94,97,7/3/24,,
C ,39,D ,1291,X ,8.09,0,5/30/24,5.6,1,79.4,51.8,17-May,5/17 plant dry ,
C ,40,C ,117,P ,4.6,0,7/3/24,5,1,22,13,7/3/24,,
C ,40,D ,827,X ,13.24,0,7/3/24,NA ,1,24,18,7/3/24,,
C ,41,C ,305,,,,,,,,,,,
C ,41,D ,680,P ,11.05,0,5/14/24,8,1,72.5,51,17-May,Lost seeds ,
C ,42,C ,533,X ,5.37,0,7/3/24,NA ,1,4,7.5,7/3/24,,
C ,42,D ,1265,P ,9.25,0,7/3/24,7.3,1,460,51,7/3/24,,
C ,43,C ,1081,X ,6.07,0,7/3/24,NA ,1,10.5,9.7,7/3/24,,
C ,43,D ,699,P ,18.43,0,7/3/24,6.7,1,60.5,41,7/3/24,harvest ,
C ,44,C ,1279,X ,9.22,0,5/30/24,5.5,1,73,56.4,17-May,5/17 plant dry; very dry; fruits dehiscing,
C ,44,D ,394,,,,,,,,,,,
C ,45,C ,201,P ,27.99,0,7/3/24,9.3,2,75,95,7/3/24,,
C ,45,D ,buffer ,,,,,,,,,,,
C ,46,C ,buffer ,,,,,,,,,,,
C ,46,D ,buffer ,,,,,,,,,,,
D ,1,A ,buffer ,,,,,,,,,,,
D ,1,B ,buffer ,,,,,,,,,,,
D ,2,A ,1336,,,,,,,,,,,
D ,2,B ,948,P ,10.75,0,6/27/24,NA ,5,17,27,6/27/24,non reproductive ,
D ,3,A ,2010,P ,21.18,0,6/6/24,10.8,1,110,82,5/6/24,,
D ,3,B ,512,P ,15.41,0,6/6/24,7.3,1,58,29,6/6/24,,
D ,4,A ,560,P ,18.4,0,6/27/24,10.6,4,72,127,6/27/24,Seed loss ,
D ,4,B ,1363,P ,10.35,0,6/6/24,8.1,1,43,35,6/6/24,,
D ,5,A ,352,,,,,,,,,,,
D ,5,B ,1236,P ,13.19,0,6/27/24,9.6,1,98,15,6/27/24,,
D ,6,A ,331,,,,,,,,,,,
D ,6,B ,995,P ,15.6,0,6/6/24,8,1,60,72,6/6/24,,
D ,7,A ,428,P ,17.79,0,6/6/24,7.6,1,90,43,6/6/24,,
D ,7,B ,857,P ,4.75,0,6/27/24,NA ,1,8.7,5.5,6/27/24,,
D ,8,A ,666,P ,17.9,0,6/6/24,7.1,1,78,74,6/6/24,,
D ,8,B ,789,,,,,,,,,,,
D ,9,A ,775,P ,20.77,0,6/6/24,9.4,1,128,98,6/6/24,,
D ,9,B ,127,P ,6.42,0,6/27/24,5.5,1,23.5,22.5,6/6/24,doesn't look ready to horvest ,
D ,10,A ,1224,P ,10.98,0,6/27/24,10.8,1,72,54,6/27/24,,
D ,10,B ,139,,,,,,,,,,,
D ,11,A ,572,P ,26.74,0,6/27/24,8.7,5,51,125,6/27/24,,
D ,11,B ,1067,X ,2.82,0,5/30/24,2.9,1,31.2,26.8,5/23/24,,
D ,12,A ,633,P ,12.46,0,6/6/24,7,4,1,78,24,6/6/24,
D ,12,B ,654,P ,14.44,0,6/6/24,7.7,1,63,50,6/6/24,,
D ,13,A ,58,P ,12.96,0,5/30/24,10.1,1,82.2,59.5,5/23/24,,
D ,13,B ,618,P ,17.57,0,6/27/24,4.5,3,140,73,6/27/21,,
D ,14,A ,2,P ,17.36,0,5/30/24,7,1,91.4,84,5/23/24,,
D ,14,B ,543,,,,,,,,,,,
D ,15,A ,151,P ,5.13,0,6/27/24,NA ,1,11,15.5,6/27/24,,
D ,15,B ,1031,,,,,,,,,,,
D ,16,A ,845,P ,12.5,0,6/27/24,NA ,6,43,37,6/27/24,,
D ,16,B ,28,P ,2.98,0,5/30/24,7.4,1,29.4,17.3,5/23/24,,
D ,17,A ,485,P ,13.83,0,6/27/24,8.5,3,16,7,71,6/27/24,
D ,17,B ,1248,,,,,,,,,,,
D ,18,A ,16,P ,11.87,0,5/30/24,7.3,1,61.6,55.2,5/23/24,,
D ,18,B ,1007,P ,20.02,0,6/27/24,8,1,47,79,6/27/24,,
D ,19,A ,1302,P ,8.35,0,6/27/24,NA ,1,35,38,6127124,,
D ,19,B ,759,X ,0,0,5/30/24,NA ,3,19.2,7.7,17-May,,
D ,20,A ,388,,,,,,,,,,,
D ,20,B ,103,,,,,,,,,,,
D ,21,A ,2022,,,,,,,,,,,
D ,21,B ,296,,,,,,,,,,,
D ,22,A ,235,P ,19.25,0,6/27/24,4.6,1,60,45,6/27/24,,
D ,22,B ,187,,,,,,,,,,,
D ,23,A ,978,,,,,,,,,,,
D ,23,B ,1195,P ,20.37,0,6/27/24,7.5,1,67,77,6/27/24,,
D ,24,A ,526,,,,,,,,,,,
D ,24,B ,buffer ,,,,,,,,,,,
D ,25,A ,628,P ,20.51,0,6/27/24,4.2,1,131,112,6/27/24,,
D ,25,B ,1134,P ,12.11,0,6/27/24,NA ,1,53,47,6/27/24,,
D ,26,A ,1146,,,,,,,,,,,
D ,26,B ,220,P ,17.47,0,6/27/24,6,5,40,38,6/27/24,,
D ,27,A ,208,,,,,,,,,,,
D ,27,B ,2043,,,,,,,,,,,
D ,28,A ,725,P ,23.25,0,6/27/24,10,5,100,86,6/27/24,,
D ,28,B ,842,,,,,,,,,,,
D ,29,A ,1028,,,,,,,,,,plant looks live ,
D ,29,B ,557,P ,22.93,0,,8.1,1,92,85.5,6/6/24,6/14/24 it was alread y colle ued ,
D ,30,A ,2007,P ,14.86,0,6/27/24,6.5,1,74,77,6/27/24,,
D ,30,B ,25,P ,19.22,0,5/30/24,8.9,1,82.7,67.2,5/23/24,,
D ,31,A ,509,X ,20.59,0,,9,1,85.5,83,0,6/6/24,6/14 Loules like it; already collected 
D ,31,B ,290,,,,,,,,,,,
D ,32,A ,112,P ,8.1,0,6/27/24,NA ,1,28,21,6/27/24,,
D ,32,B ,263,P ,10.24,0,6/27/24,NA ,3,24.5,18,6/27/24,,
D ,33,A ,1385,,,,,,,,,,,
D ,33,B ,232,,,,,,,,,,,
D ,34,A ,160,,,,,,,,,,,
D ,34,B ,320,,,,,,,,,,,
D ,35,A ,385,,,,,,,,,,,
D ,35,B ,690,,,,,,,,,,,
D ,36,A ,932,,,,,,,,,,,
D ,36,B ,1209,P ,18,0,6/27/24,10.3,1,82,75,6/27/24,,
D ,37,A ,753,P ,14.42,0,6/6/24,8.7,1,71,83,6/6/24,,
D ,37,B ,1040,,,,,,,,,,,
D ,38,A ,54,P ,7.68,0,5/30/24,8.6,1,31,17.8,5/23/24,,
D ,38,B ,713,P ,17.6,0,6/27/24,8.5,4,105,83,6/27/24,Seed loss ,
D ,39,A ,1055,X ,6.32,0,6/6/24,6.5,1,43,54,6/6/24,,
D ,39,B ,245,,,,,,,,,,,
D ,40,A ,1373,P ,16.49,0,6/27/24,8.6,1,96,117,6/27/24,Seed loss ,
D ,40,B ,540,,,,,,,- ,,,,
D ,41,A ,772,P ,27,3,0,7/3/24,7.5,2,970,670,7/3/24,
D ,41,B ,1173,,,,,,,,,,,
D ,42,A ,67,P ,9.7,0,6/6/24,7.4,1,76,35,6/6/24,,
D ,42,B ,651,,,,,,,,,,,
D ,43,A ,437,P ,6.82,0,7/3/24,8,2,106,93,7/3/24,,
D ,43,B ,1298,P ,6.87,0,7/3/24,9.2,3,93,69,7/3/24,,
D ,44,A ,1333,X ,8.74,0,7/3/26,NA ,1,21.5,17,0,7/3/24,
D ,44,B ,136,X ,6.37,0,7/3/24,NA ,1,10,8,7/3/24,,
D ,45,A ,275,,,,,,,,,,,
D ,45,B ,buffer ,,,,,,,,,,,
D ,46,A ,buffer ,,,,,,,,,,,
D ,46,B ,buffer ,,,,,,,,,,,
D ,1,C ,buffer ,,,,,,,,,,,
D ,1,D ,buffer ,,,,,,,,,,,
D ,2,C ,115,,,,,,,,,,,
D ,2,D ,1019,,,,,,,,,,,
D ,3,C ,678,P ,9.95,0,7/3/24,8,1,50,48,7/3/24,,
D ,3,D ,1388,,,,,,,,,,,
D ,4,C ,266,,,,,,,,,,,
D ,4,D ,44,P ,15.89,0,5/30/24,12.3,1,92.8,76.5,5/23/24,,
D ,5,C ,696,P ,17.01,0,7/3/24,10.5,1,102,85,7/3/24,,
D ,5,D ,2046,P ,16.66,0,7/3/24,7.5,1,84,65,7/3/24,,
D ,6,C ,211,P ,25.98,0,1/3/24,8.5,3,85,70,7/3/24,,
D ,6,D ,1149,,,,,,,,,,,
D ,7,C ,364,,,,,,,,,,,
D ,7,D ,531,,,,,,,,,,,
D ,8,C ,1103,,,,,,,,,,,
D ,8,D ,249,,,,,,,,,,,
D ,9,C ,223,P ,12.96,0,7/3/24,5.7,2,53,52,7/3/24,,
D ,9,D ,716,P ,15.42,0,5/30/24,7.4,1,73.5,55.6,5/23/24,several fruits already dehisted ,
D ,10,C ,1091,,,,,,,,,,,
D ,10,D ,497,P ,12.16,0,7/3/24,6.5,2,70,43,7/3/24,,
D ,11,C ,74,P ,17.96,0,5/30/24,7.7,1,71,68.7,5/23/24,,
D ,11,D ,1079,X ,10.38,0,7/3/24,NA ,2,42,32,7/3/24,,
D ,12,C ,741,P ,20.42,0,7/3/24,9,1,105,100,7/3/24,,
D ,12,D ,890,P ,1323,0,7/3/24,5.5,1,58,3] ,7/3/02,,
D ,13,C ,1262,P ,24.54,0,7/3/24,7.5,1,97,89,7/3/24,,
D ,13,D ,1376,P ,30.77,0,7/3/24,8,1,122,100,7/3/24,,
D ,14,C ,1277,X ,9.26,0,5/30/24,8.2,1,65.8,32.7,17-May,5/17 plant dry ,
D ,14,D ,278,,,,,,,,,,,
D ,15,C ,163,,,,,,,,,,,
D ,15,D ,814,P ,14.87,0,,7.2,4,55.9,42.8,14-May,bushy plant plant not found 56 ,
D ,16,C ,590,,,,,,,,,,,
D ,16,D ,1212,,,,,,,,,,,
D ,17,C ,468,X ,NA ,0,5/30/24,4.8,4,44.5,42.5,5/23/24,cannot meas are diameter, lost fruits/seeds 
D ,17,D ,452,,,,,,,,,,,
D ,18,C ,1043,,,,,,,,,,,
D ,18,D ,728,p ,16.3,0,7/3/24,8.5,1,89,77,7/3/24,,
D ,19,C ,1289,p ,13.14,0,7/3/24,6.5,1,52,62,7/33/24 ,,
D ,19,D ,1137,,,,,,,,,,,
D ,20,C ,2034,,,,,,,,,,,
D ,20,D ,199,,,,,,,,,,,
D ,21,C ,88,P ,19.38,0,7/3/24,8.5,1,92,65,7/3/24,,
D ,21,D ,440,p ,21.28,0,7/3/24,8,1,122,79,7/3/24,,
D ,22,C ,175,,,,,,,,,,,
D ,22,D ,1056,,,,,,,,,,,
D ,23,C ,buffer ,,,,,,,,,,,
D ,23,D ,buffer ,,,,,,,,,,,
D ,24,C ,buffer ,,,,,,,,,,,
D ,24,D ,583,,,,,,,,,,,
D ,25,C ,361,,,,,,,,,,,
D ,25,D ,1274,,,,,,,,,,,
D ,26,C ,1245,P ,17.03,0,5/30/24,9.2,1,96.5,95.5,5/23/24,,
D ,26,D ,494,,,,,,,,,,,
D ,27,C ,1233,,,,,,,,,,,
D ,27,D ,1076,,,,,,,,,,,
D ,28,C ,1004,X ,14.98,0,6/6/24,7.2,1,74.5,57,6/6/24,,
D ,28,D ,968,,,,,,,,,,,
D ,29,C ,2031,,,,,,,,,,,
D ,29,D ,349,,,,,,,,,,,
D ,30,C ,100,,,,,,,,,,,
D ,30,D ,85,P ,10.96,0,5/30/24,10.6,1,62.5,48,5/23/24,,
D ,31,C ,675,,,,,,,,,,,
D ,31,D ,992,,,,,,,,,,,
D ,32,C ,196,,,,,,,,,,,
D ,32,D ,148,,,,,,,,,,,
D ,33,C ,2019,,,,,,,,,,,
D ,33,D ,886,,,,,,,,,,,
D ,34,C ,1016,,,,,,,,,,,
D ,34,D ,1100,,,,,,,,,,,
D ,35,C ,449,,,,,,,,,,,
D ,35,D ,1221,,,,,,,,,,,
D ,36,C ,172,,,,,,,,,,,
D ,36,D ,737,,,,,,,,,,,
D ,37,C ,465,,,,,,,,,,,
D ,37,D ,854,,,,,,,,,,,
D ,38,C ,124,,,,,,,,,,,
D ,38,D ,1052,P ,7.02,0,6/20/24,5.1,1,40.5,35.2,6/20/24,,
D ,39,C ,39,P ,18.96,0,5/30/24,7.1,1,107.3,93.4,5/23/24,,
D ,39,D ,786,P ,9.34,0,5/20/24,7.2,1,57,45,6/20/24,,
D ,40,C ,425,,,,,,,,,,,
D ,40,D ,1088,,,,,,,,,,,
D ,41,C ,569,P ,20.41,0,6/20/24,8.5,6,81,33,6/20/24,,
D ,41,D ,184,,,,,,,,,,,
D ,42,C ,663,P ,26.03,0,6/20/24,7.2,1,85,63,6/20/24,,
D ,42,D ,806,,,,,,,,,,,
D ,43,C ,615,,,,,,,,,,,
D ,43,D ,1350,,,,,,,,,,,
D ,44,C ,1286,,,,,,,,,,,
D ,44,D ,1258,,,,,,,,,,,
D ,45,C ,12,,,,,,,,,,,
D ,45,D ,482,,,,,,,,,,,
D ,46,C ,buffer ,,,,,,,,,,,
D ,46,D ,buffer ,,,,,,,,,,,
E ,1,A ,buffer ,,,,,,,,,,,
E ,1,B ,buffer ,,,,,,,,,,,
E ,2,A ,261,,,,,,,,,,,
E ,2,B ,413,P ,15.4,0,5/23/24,10.5,2,60,GO ,5/23/24,,
E ,3,A ,134,X ,7.4,0,6/28/24,NA ,N ,16,12,6/28/24,,
E ,3,B ,611,P ,18.29,0,6/28/24,105,1,115,91,6/28124 ,,
E ,4,A ,519,,,,,,,,,,,
E ,4,B ,463,,,,,,,,,,,
E ,5,A ,770,X ,8.09,0,8,4.3,1,51.7,44.6,14-May,plant drying ,
E ,5,B ,158,,,,,,,,,,,
E ,6,A ,1063,P ,17.68,0,6128124,615,1,74,65,6/28/24,,
E ,6,B ,852,,,,,,,,,,,
E ,7,A ,182,,,,,,,,,,,
E ,7,B ,65,P ,14.8,0,,8.5,1,82.2,78.8,17-May,5/30 already collected ,
E ,8,A ,435,P ,21.2,0,6/28/24,7.5,1,97,94,6/28/24,,
E ,8,B ,1050,,,,,,,,,,,
E ,9,A ,1026,X ,13.15,0,6/28/24,NA ,3,35,27,6/28/24,,
E ,9,B ,492,P ,15.26,0,6/28/24,9.8,3,59,55,6/28/24,,
E ,10,A ,1371,P ,21.45,0,6/28/24,10.1,1,123,96,6/28/24,,
E ,10,B ,110,X ,6.37,0,6/28/24,NA ,2,16,16,6128124,,
E ,11,A ,1086,,,,,,,,,,,
E ,11,B ,81,P ,13.48,0,,68,1,84,42.6,17-May,5/30 already collected ,
E ,12,A ,2005,P ,13.22,0,6/28/24,8.8,3,87,72,6/28/24,,
E ,12,B ,2017,,,,,,,,,,,
E ,13,A ,1271,,,,,,,,,,,
E ,13,B ,802,X ,5.41,0,6128124,NA ,4,12.5,10,6/28/24,,
E ,14,A ,447,P ,16.55,0,6/28/24,9.4,1,96,95,6/28/24,,
E ,14,B ,2041,,,,,,,,,,,
E ,15,A ,673,P ,14.18,0,6/28/24,8,6,1,82,62,6/28/24,
E ,15,B ,347,,,,,,,,,,,
E ,16,A ,506,P ,18.51,0,6/28/24,8.2,G ,56,76,6/28/24,,
E ,16,B ,1284,X ,16.49,0,,7.2,1,56.3,43.8,17-May,Plant duying 5/30 dragetted ,
E ,17,A ,230,,,,,,,,,,,
E ,17,B ,688,P ,16.34,0,,8.3,1,73.6,72.7,17-May,5/30 already collected ,
E ,18,A ,649,P ,12.18,0,6/28/24,10.2,1,40,62,6/28/24,,
E ,18,B ,1014,P ,19.06,22,5/23/24,7,1,100,90,5/23/24,,
E ,19,A ,23,P ,10.78,0,5/23/24,9,1,25,23,5/23/24,,
E ,19,B ,711,P ,11.14,0,5/23/24,11,2,70,60,5/23/24,,
E ,20,A ,273,,,,,,,,,,,
E ,20,B ,750,P ,17.28,0,6/28/24,8.6,1,120,98,6/28/24,,
E ,21,A ,206,P ,15.69,0,6/28/24,8.1,2,51.2,38,6/28/24,,
E ,21,B ,170,,,,,,,,,,,
E ,22,A ,538,,,,,,,,,,,
E ,22,B ,1243,P ,16.3,0,5/30/24,10,1,55,75,5/23/24,,
E ,23,A ,buffer ,,,,,,,,,,,
E ,23,B ,buffer ,,,,,,,,,,,
E ,24,A ,947,,,,,,,,,,,
E ,24,B ,71,,,,,,,,,,,
E ,25,A ,1148,P ,7.24,NA ,6/28/24,NA ,4,18.1,20,6/28/24,,
E ,25,B ,856,,,,,,,,,,,
E ,26,A ,1066,,,,,,,,,,,
E ,26,B ,351,,,,,,,,,,,
E ,27,A ,387,P ,17.08,0,6/28/24,4,2,46,34,6/28/24,,
E ,27,B ,844,V ,9.84,0,6/28/24,NA ,1,40,38,6/28/24,,
E ,28,A ,812,V ,22.14,NA ,6/28/24,NA ,5,61,43,6/28/24,,
E ,28,B ,715,P ,16.76,0,6/28/24,8.2,1,85,81,6/28/24,Dehisced ,
E ,29,A ,265,,,,,,,,,,,
E ,29,B ,150,X ,6.48,NA ,6/28/24,NA ,3,11.1,12,6/28/24,,
E ,30,A ,975,,,,,,,,,,,
E ,30,B ,198,P ,24,0,6/28/24,6.2,2,37.1,47,6/28/24,,
E ,31,A ,542,,,,,,,,,,,
E ,31,B ,102,,,,,,,,,,,
E ,32,A ,994,P ,15.22,0,6/28/24,9.5,1,58,75.6,6/28/24,,
E ,32,B ,1387,,,,,,,,,,,
E ,33,A ,2045,P ,9.78,0,6/28/24,9.1,1,72.1,51.3,6/28/24,,
E ,33,B ,511,X ,15.87,0,5/30/24,8,1,46,46,5/23/24,,
E ,34,A ,1247,P ,10.74,0,6/28/24,9.2,1,56.1,55,6/28/24,Dehisced ,
E ,34,B ,210,,,,,,,,,,,
E ,35,A ,174,,,,,,,,,,,
E ,35,B ,739,,,,,,,,,,,
E ,36,A ,1018,p ,14.6,0,6/28/24,9.8,1,81,79.3,6/28/24,Dehisced ,
E ,36,B ,888,,,,,,,,,,,
E ,37,A ,530,,,,,,,,,,,
E ,37,B ,248,x ,14.18,0,5/30/24,7,2,23,20,5/23/24,,
E ,38,A ,138,,,,,,,,,,,
E ,38,B ,727,P ,14.69,0,5/30/24,7.5,5,70,62,5/23/24,,
E ,39,A ,693,P ,13.88,0,6/6/24,7.4,1,64,69,6/6/24,,
E ,39,B ,586,,,,,,,,,,,
E ,40,A ,1042,X ,6.43,NA ,6/28/24,NA ,1,12.1,11,6/28/24,,
E ,40,B ,2021,X ,5.51,NA ,6/28/24,NA ,2,9,13,6/28/24,,
E ,41,A ,186,,,,,,,,,,,
E ,41,B ,27,,,,,,,,,,,
E ,42,A ,1102,,,,,,,,,,,
E ,42,B ,1211,P ,16.29,0,5/30/24,8.8,1,23,50,5/23/24,,
E ,43,A ,57,P ,10.83,0,5/30/24,9.2,3,40,30,5123124,,
E ,43,B ,114,,,,,,,,,,,
E ,44,A ,87,P ,11.14,0,6/28/24,8.3,1,57,39.2,6/28/24,,
E ,44,B ,277,,,,,,,,,,,
E ,45,A ,467,,,,,,,,,,,
E ,45,B ,1223,P ,17.08,0,5/30/24,7.8,1,65,60,5/23/24,,
E ,46,A ,buffer ,,,,,,,,,,,
E ,46,B ,buffer ,,,,,,,,,,,
E ,1,C ,buffer ,,,,,,,,,,,
E ,1,D ,buffer ,,,,,,,,,,,
E ,2,C ,243,P ,13.97,0,5/30/24,7,1,40,40,5/23/24,,
E ,2,D ,2029,,,,,,,,,,,
E ,3,C ,990,,,,,,,,,,,
E ,3,D ,581,X ,15.16,0,6/20/24,3,1,23.5,22,6/20/24,,
E ,4,C ,1256,,,,,,,,,,,
E ,4,D ,1383,P ,22.41,0,6/20/24,7,1,112,110.5,6/20/24,,
E ,5,C ,1132,X ,6.18,0,6/20/24,NA ,1,26,20,6/20/24,no fruit ,
E ,5,D ,735,,,,,,,,,,,
E ,6,C ,1321,,,,,,,,,,,
E ,6,D ,923,,,,,,,,,,,
E ,7,C ,218,,12,0,6/20/24,4.5,1,49,38,6/20/24,,
E ,7,D ,840,,,,,,,,,,,
E ,8,C ,122,,,,,,,,,,,
E ,8,D ,1348,,,,,,,,,,,
E ,9,C ,1296,P ,18.34,0,5/30/24,6.4,1,98,69.9,17-May,plant drying; 5/30 siliques already dehisced,
E ,9,D ,784,P ,16.8,0,6/20/24,5.7,1,88,65,6/20/24,,
E ,10,C ,10,P ,9.98,0,5/30/24,7.2,1,NA ,NA ,5/30/24,5/30 harvested before hand measurements couldn't get canopy ,
E ,10,D ,359,,,,,,,,,,,
E ,11,C ,36,P ,13.51,0,5/30/24,7.5,3,30,20,5/23/24,,
E ,11,D ,626,X ,15.75,0,6/6/24,8.4,1,76,69,6/6/24,,
E ,12,C ,1038,X ,NA ,0,6/20/24,NA ,2,22,16,6/20/24,no fruit; couldn't measure diameter,
E ,12,D ,567,P ,27.5,0,6/20/24,7.9,2,120,80,6/20/24,,
E ,13,C ,1144,,,,,,,,,,,
E ,13,D ,383,,,,,,,,,,,
E ,14,C ,98,P ,20.45,0,6/20/24,9.2,1,110,100,6/20/24,,
E ,14,D ,723,,,,,,,,,,,
E ,15,C ,1165,X ,NA ,0,6/20/24,NA ,1,9.2,9.5,6/20/24,no fruit; couldn't measure diameter,
E ,15,D ,1098,,,,,,,,,,,
E ,16,C ,1219,P ,23.44,0,6/20/24,7.3,1,95,86,6/20/24,,
E ,16,D ,146,,,,,,,,,,,
E ,17,C ,286,,,,,,,,,,,
E ,17,D ,1074,P ,3.27,0,6/20/24,4.7,1,17.5,10.5,6/20/24,,
E ,18,C ,194,,,,,,,,,,,
E ,18,D ,555,P ,17.1,0,6/20/24,7.4,1,77,39,6/20/24,some roots collected ,
E ,19,C ,960,,,,,,,,,,,
E ,19,D ,51,P ,6.95,0,5/30/24,10.5,1,20,15,5/23/24,,
E ,20,C ,1204,& ,16.26,0,5/30/24,10.5,1,100,95,5/23/24,,
E ,20,D ,475,P ,10.87,0,6/20/24,3.9,1,23.9,19.3,6/20/24,some roots collected ,
E ,21,C ,661,P ,11.61,0,6/20/24,6.5,1,64,31,6/20/24,,
E ,21,D ,1231,P ,13.64,0,5/30/24,7.5,1,68,40,5/23/24,,
E ,22,C ,879,,,,,,,,,,,
E ,22,D ,1002,P ,16.87,0,6/20/24,8.9,1,75,74,6/20/24,,
E ,23,C ,buffer ,,,,,,,,,,,
E ,23,D ,318,,,,,,,,,,,
E ,24,C ,buffer ,,,,,,,,,,,
E ,24,D ,1078,P ,10.29,3,6/20/24,5,3,56,0,41,6/20/24,
E ,25,C ,322,,,,,,,,,,,
E ,25,D ,234,,,,,,,,,,,
E ,26,C ,427,P ,19.83,0,6/20/24,8.3,1,134,77,6/20/24,,
E ,26,D ,439,X ,8.19,0,5/30/24,5,2,110,30,5/23/24,,
E ,27,C ,1375,,,,,,,,,,,
E ,27,D ,1288,P ,8.3,1,6/20/24,6.1,1,64,42,6/20/24,,
E ,28,C ,162,,,,,,,,,,,
E ,28,D ,496,X ,10.35,0,5/30/34,8,2,50,44,5/23/24,,
E ,29,C ,41,,,,,,,,,,,
E ,29,D ,1261,,,,,,,,,,,
E ,30,C ,363,,,,,,,,,,,
E ,30,D ,559,X ,8.61,0,5/30/24,5,1,30,20,5/23/24,,
E ,31,C ,788,,,,,,,,,,,
E ,31,D ,2009,,,,,,,,,,,
E ,32,C ,1194,,,,,,,,,,,
E ,32,D ,653,,,,,,,,,,,
E ,33,C ,1335,,,,,,,,,,,
E ,33,D ,2033,,,,,,,,,,,
E ,34,C ,757,,,,,,,,,,,
E ,34,D ,1030,,,,,,,,,,,
E ,35,C ,1235,,,,,,,,,,,
E ,35,D ,222,,,,,,,,,,,
E ,36,C ,774,P ,14.17,0,5/30/24,9,1,70,70,5/23/24,,
E ,36,D ,571,P ,14.14,0,5/30/24,10,5,50,40,5/23/24,,
E ,37,C ,294,,,,,,,,,,,
E ,37,D ,617,,,,,,,,,,,
E ,38,C ,665,,,,,,,,,,,
E ,38,D ,126,,,,,,,,,,,
E ,39,C ,1276,,,,,,,,,,,
E ,39,D ,1006,,,,,,,,,,,
E ,40,C ,631,,,,,,,,,,,
E ,40,D ,484,,,,,,,,,,,
E ,41,C ,1301,,,,,,,,,,,
E ,41,D ,1136,,,,,,,,,,,
E ,42,C ,451,,,,,,,,,,,
E ,42,D ,677,,,,,,,,,,,
E ,43,C ,1362,P ,14.73,0,5/30/24,9,1,48,40,5/23/24,,
E ,43,D ,15,,,,,,,,,,,
E ,44,C ,1054,,,,,,,,,,,
E ,44,D ,1090,,,,,,,,,,,
E ,45,C ,1,P ,13.13,0,5/30/24,8,3,36,36,5/23/24,,
E ,45,D ,buffer ,,,,,,,,,,,
E ,46,C ,buffer ,,,,,,,,,,,
E ,46,D ,buffer ,,,,,,,,,,,
F ,1,A ,buffer ,,,,,,,,,,,
F ,1,B ,buffer ,,,,,,,,,,,
F ,2,A ,1082,P ,16.69,0,6/20/24,4.2,1,43,42,6/20/24,,
F ,2,B ,1251,P ,12.94,1,5/23/24,7.5,1,85.3,67.8,5/23/24,,
F ,3,A ,1379,,,,,,,,,,,
F ,3,B ,534,X ,6.39,0,6/27/24,NA ,5,6.5,6.5,6/27/24,,
F ,4,A ,1094,X ,8.54,0,6/27/24,NA ,1,22,15.5,6/27/24,,
F ,4,B ,1339,,,,,,,,,,,
F ,5,A ,746,P ,18.96,0,5/30/24,9,1,68,72,5/30/24,,
F ,5,B ,269,,,,,,,,,,,
F ,6,A ,130,,,,,,,,,,,
F ,6,B ,254,P ,16.48,0,6/14/14,9.7,1,98,77,6/6/24,,
F ,7,A ,731,P ,15.49,0,6/14/24,7.5,1,90,57,6/6/24,,
F ,7,B ,214,,,,,,,,,,,
F ,8,A ,142,X ,4.45,0,6/27/24,NA ,3,12.5,11,6/27/24,,
F ,8,B ,190,,,,,,,,,,,
F ,9,A ,2001,P ,17.91,0,6/14/24,6.9,1,109,80,6/6/24,,
F ,9,B ,178,,,,,,,,,,,
F ,10,A ,550,P ,21.69,0,6/20/24,8.2,3,83,65,6/20/24,,
F ,10,B ,282,,,,,,,,,,,
F ,11,A ,657,P ,13.98,0,6/14/24,9.2,1,98,40,6/6/24,,
F ,11,B ,500,P ,7.3,0,6/20/24,9.2,,96,93,6/20/24,,
F ,12,A ,2037,,,,,,,,,,,
F ,12,B ,1046,P ,15.39,0,6/14/24,5.8,6,38.8,34,6/14/24,,
F ,13,A ,1280,P ,10.9,0,5/23/24,5.7,1,48.4,46.3,5/14/24,plant drying ,
F ,13,B ,1112,,,,,,,,,,,
F ,14,A ,682,P ,14.66,0,5/23/24,7.8,1,57.2,56.2,5/14/24,plant drying ,
F ,14,B ,488,P ,12.98,0,6/20/24,9.5,3,70,56,6/20/24,,
F ,15,A ,355,,,,,,,,,,,
F ,15,B ,1010,P ,15.89,0,6/27/24,7.8,1,85.7,76,6/27/24,,
F ,16,A ,166,,,,,,,,,,,
F ,16,B ,1034,X ,5.7,0,6/27/24,NA ,1,12,11,6/27/24,,
F ,17,A ,1198,P ,21.24,0,6/14/24,8.1,1,100,49,6/6/24,,
F ,17,B ,1227,P ,13.89,0,5/30/24,9.1,1,88,59,5/23/24,,
F ,18,A ,202,p ,15.25,0,6/27/24,7.9,1,75,54,6/27/24,starting to dehisc,
F ,18,B ,986,P ,16.68,0,5/30/24,9.5,1,100,79,5/23/24,,
F ,19,A ,1140,,,,,,,,,,,
F ,19,B ,154,X ,4.42,0,6/27/24,NA ,2,11,98,6/27/24,,
F ,20,A ,1266,P ,14.28,0,5/30/24,8.5,1,80,67,5/23/24,too dry; lost some seed,
F ,20,B ,998,P ,17.52,0,6/27/24,9.3,1,77.5,61,6/27/02,,
F ,21,A ,860,,,,,,,,,,,
F ,21,B ,106,,,,,,,,,,,
F ,22,A ,1292,P ,12.14,0,6/14/24,6.7,1,64,59,6/6/24,,
F ,22,B ,1022,,,,,,,,,,,
F ,23,A ,563,P ,15.75,0,6/27/24,8.8,1,72,65,6/27/24,Mostly dehisc,
F ,23,B ,buffer ,,,,,,,,,,,
F ,24,A ,buffer ,,,,,,,,,,,
F ,24,B ,1005,P ,11.1,2,5/30/24,8.4,1,103.5,97,5/23/24,,
F ,25,A ,40,P ,10.19,0,5/23/24,6.4,4,67,63.4,14-May,,
F ,25,B ,1300,X ,13.4,0,6/27/24,NA ,3,34,38,6/27/24,,
F ,26,A ,26,,,,,,,,,,,
F ,26,B ,68,P ,10.97,0,5/23/24,7.1,1,72.6,50.9,14-May,,
F ,27,A ,101,,,,,,,,,,,
F ,27,B ,887,,,,,,,,,,,
F ,28,A ,558,P ,20.47,0,6/14/24,9.3,1,116,105,6/6/24,,
F ,28,B ,664,P ,23.32,0,5/30/24,7.1,3,76,73,5/23/24,,
F ,29,A ,1147,,,,,,,,,,,
F ,29,B ,570,P ,19.28,0,6/14/24,9,9,97,64,6/14/24,,
F ,30,A ,386,,,,,,,,,,,
F ,30,B ,1287,P ,8.28,0,5/23/24,5.9,1,8.6,26.6,14-May,plant drying ,
F ,31,A ,938,,,,,,,,,,,
F ,31,B ,1089,,,,,,,,,,,
F ,32,A ,1260,,,,,,,,,,,
F ,32,B ,185,,,,,,,,,,,
F ,33,A ,137,,,,,,,,,,,
F ,33,B ,125,,,,,,,,,,,
F ,34,A ,714,P ,17.77,0,6/14/24,8.5,3,93,65,6/14/24,,
F ,34,B ,55,P ,11.18,0,5/30/24,9,1,55,41,5/23/24,,
F ,35,A ,726,P ,2.54,0,6/14/24,7,1,30,0,6/14/24,only 2 branches ,
F ,35,B ,1222,P ,20.23,0,6/20/24,9.3,1,86,63,6/20/24,,
F ,36,A ,855,,,,,,,,,,,
F ,36,B ,426,P ,16.33,0,5/30/24,7.4,1,92,77,5/23/24,,
F ,37,A ,807,P ,20.29,0,6/20/24,7.5,8,70,66,6/20/24,,
F ,37,B ,1135,,,,,,,,,,,
F ,38,A ,773,P ,17.71,0,6/14/24,7.6,1,73.5,58,6/14/24,,
F ,38,B ,1275,,,,,,,,,,,
F ,39,A ,2032,NA ,NA ,NA ,NA ,NA ,NA ,NA ,NA ,NA ,NEED TO REMOVE THIS PLANT FROM THE DATA SETI ,
F ,39,B ,1053,P ,6.43,0,6/14/24,5.5,1,41,42,6/14/24,,
F ,40,A ,630,P ,20.42,0,5/30/24,7.8,1,94,66.3,3/23/24,,
F ,40,B ,541,,,,,,,,,,,
F ,41,A ,1334,,,,,,,,,,,
F ,41,B ,450,P,10.86,0,6/27/24,5.2,1,23,5,2C ,6/27/27,
F ,42,A ,264,,,,,,,,,,,
F ,42,B ,2044,,,,,,,,,,,
F ,43,A ,529,,,,,,,,,,,
F ,43,B ,173,,,,,,,,,,,
F ,44,A ,221,P ,6.04,0,6/14/24,5.2,1,23.5,26,6/14/24,,
F ,44,B ,149,X ,6.29,0,6/27/24,NA ,1,20.3,19.7,6/27/24,,
F ,45,A ,197,P ,20.99,0,6/27/24,9.4,2,68,69,6/27/24,,
F ,45,B ,362,,,,,,,,,,,
F ,46,A ,buffer ,,,,,,,,,,,
F ,46,B ,buffer ,,,,,,,,,,,
F ,1,C ,buffer ,,,,,,,,,,,
F ,1,D ,buffer ,,,,,,,,,,,
F ,2,C ,764,P ,14.16,0,5/30/24,8.5,1,87,86,5/23/24,,
F ,2,D ,5,P ,17.64,0,5/30/24,9.3,1,71,45,5/23/24,,
F ,3,C ,443,P ,18.02,0,6/14/24,9,1,100,67,6/14/24,,
F ,3,D ,1059,P ,3.04,0,6/20/24,5,1,10,8,6/20/24,,
F ,4,C ,669,P,16.61,0,6/14/24,7.2,1,82,68,6/14/24,,
F ,4,D ,515,,,,,,,,,,,
F ,5,C ,707,p ,17.36,0,6/20/24,9,4,82,50,6/20/24,,
F ,5,D ,31,,,,,,,,,,,
F ,6,C ,455,,,,,,,,,,,
F ,6,D ,93,,,,,,,,,,,
F ,7,C ,2025,,,,,,,,,,,
F ,7,D ,1215,P ,11.89,0,6/14/24,8.1,2,83,67.5,6/14/24,,
F ,8,C ,375,,,,,,,,,,,
F ,8,D ,641,P ,19.36,0,6/20/24,9.8,1,64,70,6/20/24,,
F ,9,C ,306,,,,,,,,,,,
F ,9,D ,471,X ,9.85,0,6/27/24,NA ,3,25,22,6/27/24,,
F ,10,C ,621,P ,18.24,0,6/20/24,9.3,1,71,110,6/20/24,,
F ,10,D ,575,,,,,,,,,,,
F ,11,C ,77,P ,13,0,5/30/24,7.2,1,74.6,67,5/23/24,,
F ,11,D ,795,,,,,,,,,,,
F ,12,C ,914,,,,,,,,,,,
F ,12,D ,431,P ,20.39,0,6/14/24,7.3,1,>9 ,86,6/14/24,,
F ,13,C ,778,,,,,,,,,,,
F ,13,D ,848,,,,,,,,,,,
F ,14,C ,238,P ,14.17,0,6/14/24,7.1,3,38,40,6/14/24,,
F ,14,D ,1070,P ,5.54,0,6/20/24,NA ,3,23.5,10.5,6/20/24,6/20 no fruit seen ,
F ,15,C ,118,X ,7.52,0,6/27/24,NA ,3,21.6,17.5,6/27/24,,
F ,15,D ,2013,,,,,,,,,,,
F ,16,C ,400,P ,17.4,0,5/30/24,7.5,1,102,76,14-May,,
F ,16,D ,606,P,18.41,0,6/20/24,9.6,1,75,84,6/20/24,,
F ,17,C ,1239,P ,14.4,0,6/14/24,7,1,92,65,6/14/21,,
F ,17,D ,226,P ,10.31,0,6/20/24,4.6,2,36,28,6/20/24,,
F ,18,C ,2049,P ,15.7,0,6/20/24,8.5,3,97,90,6/20/24,,
F ,18,D ,719,P ,18.78,0,6/14/24,8.6,1,92,71,6/14/24,,
F ,19,C ,1312,,,,,,,,,,,
F ,19,D ,1152,,,,,,,,,,,
F ,20,C ,47,P ,12.61,0,5/30/24,9.8,1,36,20,5/23/24,,
F ,20,D ,340,,,,,,,,,,,
F ,21,C ,61,P ,14.15,0,5/30/24,11,1,67.8,100,14-May,,
F ,21,D ,1366,P ,16.63,0,6/14/24,9.5,1,66,65,6/14/24,,
F ,22,C ,829,,,,,,,,,,,
F ,22,D ,19,P ,14.14,0,5/30/24,7,1,51,47,14-May,,
F ,23,C ,951,,,,,,,,,,,
F ,23,D ,buffer ,,,,,,,,,,,
F ,24,C ,652,P ,23.52,0,5/30/24,5.5,1,93,110,5/23/24,,
F ,24,D ,buffer ,,,,,,,,,,,
F ,25,C ,1101,,,,,,,,,,,
F ,25,D ,1386,P ,18.82,0,6/20/24,9.2,1,77,72,6/20/24,,
F ,26,C ,495,P ,19.99,0,5/30/24,9.7,3,73,62,5/23/24,,
F ,26,D ,843,,,,,,,,,,,
F ,27,C ,787,,,,,,,,,,,
F ,27,D ,1374,P ,16.83,0,6/20/24,9.1,1,43,62,6/20/24,,
F ,28,C ,466,P,8.44,0,6/14/24,6.3,2,42,33,6/14/24,,
F ,28,D ,321,,,,,,,,,,,
F ,29,C ,691,P ,14.88,0,5/30/24,8.7,1,60.5,87.5,14-May,Plant dying ,
F ,29,D ,209,,,,,,,,,,,
F ,30,C ,350,,,,,,,,,,,
F ,30,D ,483,,,,,,,,,,,
F ,31,C ,1234,,,,,,,,,,,
F ,31,D ,2008,P ,17.48,0,6/20/24,9.5,1,69,76,6/20/24,,
F ,32,C ,676,P ,24.29,0,6/14/24,7.9,1,72,86,6/14/24,,
F ,32,D ,113,X ,6.13,0,6/27/24,NA ,1,15.5,12.5,6/27/24,,
F ,33,C ,246,p ,13.92,0,6/20/24,8 8 ,1,67,53,6/20/24,,
F ,33,D ,86,P ,5.95,0,5/30/24,6.6,1,25,18,5/23/24,,
F ,34,C ,1029,X ,9.82,0,6/27/24,NA ,1,23,22.5,6/27/24,,
F ,34,D ,233,P ,14.67,0,6/20/24,5.6,3,34,33,6/20/24,,
F ,35,C ,276,,,,,,,,,,,
F ,35,D ,993,P ,13.48,0,6/20/24,9.4,1,87-0 ,68,6/20/24,,
F ,36,C ,1185,X ,6.98,0,6/27/24,NA ,5,10.5,9,6/27/24,,
F ,36,D ,1041,,,,,,,,,,,
F ,37,C ,1065,P ,6.04,0,6/20/24,3.8,1,33,24,6/20/24,,
F ,37,D ,738,P ,11.64,0,6/20/24,8.5,2,59,43,6/20/24,,
F ,38,C ,585,P ,16.08,0,6/20/24,0,4,22,18,6/20/24,,
F ,38,D ,756,P ,13.03,0,5/30/24,7,1,69,82,5/23/28,,
F ,39,C ,1077,X ,8.58,0,6/27/24,NA ,3,21.5,17.4,6/27/24,,
F ,39,D ,161,X ,3.8,0,6/27/24,NA ,3,10.5,6.5,6/27/24,,
F ,40,C ,1210,P ,17.68,0,5/30/24,7,1,75,64,14-May,,
F ,40,D ,969,,,,,,,,,,,
F ,41,C ,616,P ,20.36,0,6/20/24,10.2,3,100,81,6/20/24,,
F ,41,D ,510,P ,12.26,0,6/20/24,9.4,4,59,58,6/20/24,,
F ,42,C ,1246,P ,15.88,0,6/20/24,7.9,3,84,82,6/20/24,,
F ,42,D ,14,P ,10.86,0,6/20/24,9.1,1,46,41,6/20/24,,
F ,43,C ,2020,,,,,,,,,,,
F ,43,D ,293,,,,,,,,,,,
F ,44,C ,1017,X ,7.1,0,6/27/24,NA ,2,15.5,14,6/27/24,,
F ,44,D ,1352,P ,13.8,0,,7.5,2,6.6,50,5/23/24,6/6 seems to have been collected ,
F ,45,C ,438,P ,22.6,0,6/20/24,7.6,3,109,100,6/20/24,,
F ,45,D ,buffer ,,,,,,,,,,,
F ,46,C ,buffer ,,,,,,,,,,,
F ,46,D ,buffer ,,,,,,,,,,,